相川,アイカワ,あいかわ,AIKAWA
相沢,アイザワ,あいざわ,AIZAWA
相澤,アイザワ,あいざわ,AIZAWA
会田,アイダ,あいだ,AIDA
相田,アイダ,あいだ,AIDA
相原,アイハラ,あいはら,AIHARA
青井,アオイ,あおい,AOI
青木,アオキ,あおき,AOKI
青島,アオシマ,あおしま,AOSHIMA
青田,アオタ,あおた,AOTA
青野,アオノ,あおの,AONO
青柳,アオヤギ,あおやぎ,AOYAGI
青山,アオヤマ,あおやま,AOYAMA
赤井,アカイ,あかい,AKAI
赤池,アカイケ,あかいけ,AKAIKE
赤石,アカイシ,あかいし,AKAISHI
赤尾,アカオ,あかお,AKAO
赤川,アカガワ,あかがわ,AKAGAWA
赤木,アカギ,あかぎ,AKAGI
赤坂,アカサカ,あかさか,AKASAKA
赤沢,アカザワ,あかざわ,AKAZAWA
明石,アカシ,あかし,AKASHI
赤塚,アカツカ,あかつか,AKATSUKA
我妻,アガツマ,あがつま,AGATSUMA
赤羽,アカバネ,あかばね,AKABANE
赤星,アカボシ,あかぼし,AKABOSHI
赤堀,アカホリ,あかほり,AKAHORI
赤間,アカマ,あかま,AKAMA
赤松,アカマツ,あかまつ,AKAMATSU
赤嶺,アカミネ,あかみね,AKAMINE
秋田,アキタ,あきた,AKITA
秋葉,アキバ,あきば,AKIBA
秋元,アキモト,あきもと,AKIMOTO
秋本,アキモト,あきもと,AKIMOTO
秋山,アキヤマ,あきやま,AKIYAMA
秋吉,アキヨシ,あきよし,AKIYOSHI
阿久津,アクツ,あくつ,AKUTSU
浅井,アサイ,あさい,ASAI
浅岡,アサオカ,あさおか,ASAOKA
浅川,アサカワ,あさかわ,ASAKAWA
朝倉,アサクラ,あさくら,ASAKURA
浅田,アサダ,あさだ,ASADA
浅沼,アサヌマ,あさぬま,ASANUMA
浅野,アサノ,あさの,ASANO
朝日,アサヒ,あさひ,ASAHI
朝比奈,アサヒナ,あさひな,ASAHINA
浅利,アサリ,あさり,ASARI
芦沢,アシザワ,あしざわ,ASHIZAWA
芦田,アシダ,あしだ,ASHIDA
麻生,アソウ,あそう,ASOU
安達,アダチ,あだち,ADACHI
足立,アダチ,あだち,ADACHI
渥美,アツミ,あつみ,ATSUMI
阿南,アナン,あなん,ANAN
阿部,アベ,あべ,ABE
安倍,アベ,あべ,ABE
安部,アベ,あべ,ABE
天野,アマノ,あまの,AMANO
雨宮,アマミヤ,あまみや,AMAMIYA
綾部,アヤベ,あやべ,AYABE
荒井,アライ,あらい,ARAI
新井,アライ,あらい,ARAI
新垣,アラガキ,あらがき,ARAGAKI
荒川,アラカワ,あらかわ,ARAKAWA
荒木,アラキ,あらき,ARAKI
荒田,アラタ,あらた,ARATA
荒巻,アラマキ,あらまき,ARAMAKI
荒牧,アラマキ,あらまき,ARAMAKI
荒谷,アラヤ,あらや,ARAYA
安里,アリ,あり,ARI
有賀,アリガ,ありが,ARIGA
有川,アリカワ,ありかわ,ARIKAWA
有田,アリダ,ありだ,ARIDA
有馬,アリマ,ありま,ARIMA
有村,アリムラ,ありむら,ARIMURA
有本,アリモト,ありもと,ARIMOTO
有吉,アリヨシ,ありよし,ARIYOSHI
荒,アレ,あれ,ARE
粟野,アワノ,あわの,AWANO
安斎,アンザイ,あんざい,ANZAI
安西,アンザイ,あんざい,ANZAI
安東,アンドウ,あんどう,ANDOU
安藤,アンドウ,あんどう,ANDOU
安保,アンポ,あんぽ,ANPO
飯尾,イイオ,いいお,IIO
飯島,イイジマ,いいじま,IIJIMA
飯田,イイダ,いいだ,IIDA
飯塚,イイヅカ,いいづか,IIDUKA
飯沼,イイヌマ,いいぬま,IINUMA
飯村,イイムラ,いいむら,IIMURA
飯山,イイヤマ,いいやま,IIYAMA
井内,イウチ,いうち,IUCHI
伊賀,イガ,いが,IGA
五十嵐,イガラシ,いがらし,IGARASHI
猪狩,イカリ,いかり,IKARI
井川,イガワ,いがわ,IGAWA
生田,イクタ,いくた,IKUTA
井口,イグチ,いぐち,IGUCHI
池内,イケウチ,いけうち,IKEUCHI
池上,イケガミ,いけがみ,IKEGAMI
池田,イケダ,いけだ,IKEDA
池永,イケナガ,いけなが,IKENAGA
池野,イケノ,いけの,IKENO
池原,イケハラ,いけはら,IKEHARA
池本,イケモト,いけもと,IKEMOTO
池谷,イケヤ,いけや,IKEYA
生駒,イコマ,いこま,IKOMA
伊佐,イサ,いさ,ISA
井坂,イサカ,いさか,ISAKA
伊沢,イザワ,いざわ,IZAWA
井沢,イザワ,いざわ,IZAWA
石井,イシイ,いしい,ISHII
石岡,イシオカ,いしおか,ISHIOKA
石垣,イシガキ,いしがき,ISHIGAKI
石上,イシガミ,いしがみ,ISHIGAMI
石神,イシガミ,いしがみ,ISHIGAMI
石川,イシカワ,いしかわ,ISHIKAWA
石倉,イシクラ,いしくら,ISHIKURA
石黒,イシグロ,いしぐろ,ISHIGURO
石毛,イシゲ,いしげ,ISHIGE
石坂,イシザカ,いしざか,ISHIZAKA
石崎,イシザキ,いしざき,ISHIZAKI
石沢,イシザワ,いしざわ,ISHIZAWA
石島,イシジマ,いしじま,ISHIJIMA
石田,イシダ,いしだ,ISHIDA
石谷,イシタニ,いしたに,ISHITANI
石津,イシツ,いしつ,ISHITSU
石塚,イシツカ,いしつか,ISHITSUKA
石野,イシノ,いしの,ISHINO
石橋,イシバシ,いしばし,ISHIBASHI
石原,イシハラ,いしはら,ISHIHARA
石丸,イシマル,いしまる,ISHIMARU
石村,イシムラ,いしむら,ISHIMURA
石本,イシモト,いしもと,ISHIMOTO
石森,イシモリ,いしもり,ISHIMORI
石山,イシヤマ,いしやま,ISHIYAMA
石渡,イシワタ,いしわた,ISHIWATA
泉,イズミ,いずみ,IZUMI
和泉,イズミ,いずみ,IZUMI
泉田,イズミダ,いずみだ,IZUMIDA
泉谷,イズミヤ,いずみや,IZUMIYA
伊勢,イセ,いせ,ISE
井関,イセキ,いせき,ISEKI
磯,イソ,いそ,ISO
磯貝,イソガイ,いそがい,ISOGAI
磯崎,イソザキ,いそざき,ISOZAKI
磯田,イソダ,いそだ,ISODA
磯野,イソノ,いその,ISONO
磯部,イソベ,いそべ,ISOBE
磯村,イソムラ,いそむら,ISOMURA
井田,イダ,いだ,IDA
板垣,イタガキ,いたがき,ITAGAKI
板倉,イタクラ,いたくら,ITAKURA
板橋,イタバシ,いたばし,ITABASHI
伊丹,イタミ,いたみ,ITAMI
板谷,イタヤ,いたや,ITAYA
市川,イチカワ,いちかわ,ICHIKAWA
市田,イチダ,いちだ,ICHIDA
市野,イチノ,いちの,ICHINO
一ノ瀬,イチノセ,いちのせ,ICHINOSE
一瀬,イチノセ,いちのせ,ICHINOSE
市橋,イチハシ,いちはし,ICHIHASHI
市原,イチハラ,いちはら,ICHIHARA
市村,イチムラ,いちむら,ICHIMURA
一戸,イッコ,いっこ,IKKO
一色,イッショク,いっしょく,ISSHIXYOKU
井手,イデ,いで,IDE
井出,イデ,いで,IDE
井戸,イド,いど,IDO
糸井,イトイ,いとい,ITOI
伊東,イトウ,いとう,ITOU
伊藤,イトウ,いとう,ITOU
稲垣,イナガキ,いながき,INAGAKI
稲川,イナガワ,いながわ,INAGAWA
稲田,イナダ,いなだ,INADA
稲葉,イナバ,いなば,INABA
伊波,イナミ,いなみ,INAMI
稲見,イナミ,いなみ,INAMI
稲村,イナムラ,いなむら,INAMURA
乾,イヌイ,いぬい,INUI
犬飼,イヌカイ,いぬかい,INUKAI
犬塚,イヌヅカ,いぬづか,INUDUKA
井野,イノ,いの,INO
猪野,イノ,いの,INO
飯野,イノ,いの,INO
井上,イノウエ,いのうえ,INOUE
猪瀬,イノセ,いのせ,INOSE
猪股,イノマタ,いのまた,INOMATA
猪俣,イノマタ,いのまた,INOMATA
伊原,イハラ,いはら,IHARA
井原,イハラ,いはら,IHARA
茨木,イバラキ,いばらき,IBARAKI
井藤,イフジ,いふじ,IFUJI
今,イマ,いま,IMA
今井,イマイ,いまい,IMAI
今泉,イマイズミ,いまいずみ,IMAIZUMI
今枝,イマエダ,いまえだ,IMAEDA
今岡,イマオカ,いまおか,IMAOKA
今川,イマガワ,いまがわ,IMAGAWA
今関,イマゼキ,いまぜき,IMAZEKI
今田,イマダ,いまだ,IMADA
今津,イマツ,いまつ,IMATSU
今西,イマニシ,いまにし,IMANISHI
今村,イマムラ,いまむら,IMAMURA
井村,イムラ,いむら,IMURA
井本,イモト,いもと,IMOTO
入江,イリエ,いりえ,IRIE
岩井,イワイ,いわい,IWAI
岩尾,イワオ,いわお,IWAO
岩上,イワガミ,いわがみ,IWAGAMI
岩川,イワカワ,いわかわ,IWAKAWA
岩城,イワキ,いわき,IWAKI
岩切,イワキリ,いわきり,IWAKIRI
岩倉,イワクラ,いわくら,IWAKURA
岩佐,イワサ,いわさ,IWASA
岩崎,イワサキ,いわさき,IWASAKI
岩沢,イワサワ,いわさわ,IWASAWA
岩下,イワシタ,いわした,IWASHITA
岩瀬,イワセ,いわせ,IWASE
岩田,イワタ,いわた,IWATA
岩谷,イワタニ,いわたに,IWATANI
岩永,イワナガ,いわなが,IWANAGA
岩野,イワノ,いわの,IWANO
岩橋,イワハシ,いわはし,IWAHASHI
岩淵,イワブチ,いわぶち,IWABUCHI
岩渕,イワブチ,いわぶち,IWABUCHI
岩間,イワマ,いわま,IWAMA
岩見,イワミ,いわみ,IWAMI
岩村,イワムラ,いわむら,IWAMURA
岩元,イワモト,いわもと,IWAMOTO
岩本,イワモト,いわもと,IWAMOTO
宇井,ウイ,うい,UI
植木,ウエキ,うえき,UEKI
上島,ウエジマ,うえじま,UEJIMA
上杉,ウエスギ,うえすぎ,UESUGI
上田,ウエダ,うえだ,UEDA
植田,ウエダ,うえだ,UEDA
植竹,ウエタケ,うえたけ,UETAKE
上西,ウエニシ,うえにし,UENISHI
上野,ウエノ,うえの,UENO
植野,ウエノ,うえの,UENO
上原,ウエハラ,うえはら,UEHARA
植松,ウエマツ,うえまつ,UEMATSU
上村,ウエムラ,うえむら,UEMURA
植村,ウエムラ,うえむら,UEMURA
魚住,ウオズミ,うおずみ,UOZUMI
鵜飼,ウカイ,うかい,UKAI
宇佐見,ウサミ,うさみ,USAMI
宇佐美,ウサミ,うさみ,USAMI
鵜沢,ウザワ,うざわ,UZAWA
氏家,ウジイエ,うじいえ,UJIIE
牛尾,ウシオ,うしお,USHIO
牛島,ウシジマ,うしじま,USHIJIMA
牛田,ウシダ,うしだ,USHIDA
牛山,ウシヤマ,うしやま,USHIYAMA
碓井,ウスイ,うすい,USUI
臼井,ウスイ,うすい,USUI
薄井,ウスイ,うすい,USUI
臼田,ウスダ,うすだ,USUDA
宇田,ウダ,うだ,UDA
宇田川,ウダガワ,うだがわ,UDAGAWA
内海,ウチウミ,うちうみ,UCHIUMI
内川,ウチカワ,うちかわ,UCHIKAWA
内田,ウチダ,うちだ,UCHIDA
内堀,ウチボリ,うちぼり,UCHIBORI
内村,ウチムラ,うちむら,UCHIMURA
内山,ウチヤマ,うちやま,UCHIYAMA
宇津木,ウツギ,うつぎ,UTSUGI
宇都宮,ウツノミヤ,うつのみや,UTSUNOMIYA
宇野,ウノ,うの,UNO
海野,ウミノ,うみの,UMINO
梅木,ウメキ,うめき,UMEKI
梅崎,ウメザキ,うめざき,UMEZAKI
梅沢,ウメザワ,うめざわ,UMEZAWA
梅澤,ウメザワ,うめざわ,UMEZAWA
梅田,ウメダ,うめだ,UMEDA
梅津,ウメツ,うめつ,UMETSU
梅野,ウメノ,うめの,UMENO
梅原,ウメハラ,うめはら,UMEHARA
梅村,ウメムラ,うめむら,UMEMURA
梅本,ウメモト,うめもと,UMEMOTO
浦,ウラ,うら,URA
浦上,ウラガミ,うらがみ,URAGAMI
浦川,ウラカワ,うらかわ,URAKAWA
浦田,ウラタ,うらた,URATA
浦野,ウラノ,うらの,URANO
浦山,ウラヤマ,うらやま,URAYAMA
瓜生,ウリウ,うりう,URIU
漆原,ウルシバラ,うるしばら,URUSHIBARA
江頭,エガシラ,えがしら,EGASHIRA
江川,エガワ,えがわ,EGAWA
江口,エグチ,えぐち,EGUCHI
江崎,エザキ,えざき,EZAKI
江島,エジマ,えじま,EJIMA
江尻,エジリ,えじり,EJIRI
江田,エダ,えだ,EDA
越川,エツカワ,えつかわ,ETSUKAWA
衛藤,エトウ,えとう,ETOU
江藤,エトウ,えとう,ETOU
榎,エノキ,えのき,ENOKI
榎本,エノモト,えのもと,ENOMOTO
江原,エハラ,えはら,EHARA
海老沢,エビサワ,えびさわ,EBISAWA
海老原,エビハラ,えびはら,EBIHARA
江本,エモト,えもと,EMOTO
遠山,エンザン,えんざん,ENZAN
塩田,エンデン,えんでん,ENDEN
遠藤,エンドウ,えんどう,ENDOU
及川,オイカワ,おいかわ,OIKAWA
大井,オオイ,おおい,OOI
大池,オオイケ,おおいけ,OOIKE
大石,オオイシ,おおいし,OOISHI
大泉,オオイズミ,おおいずみ,OOIZUMI
大出,オオイデ,おおいで,OOIDE
大岩,オオイワ,おおいわ,OOIWA
大内,オオウチ,おおうち,OOUCHI
大浦,オオウラ,おおうら,OOURA
大岡,オオオカ,おおおか,OOOKA
大垣,オオガキ,おおがき,OOGAKI
大上,オオガミ,おおがみ,OOGAMI
大川,オオカワ,おおかわ,OOKAWA
大河原,オオカワラ,おおかわら,OOKAWARA
大串,オオグシ,おおぐし,OOGUSHI
大久保,オオクボ,おおくぼ,OOKUBO
大窪,オオクボ,おおくぼ,OOKUBO
大熊,オオクマ,おおくま,OOKUMA
大倉,オオクラ,おおくら,OOKURA
大河内,オオコウチ,おおこうち,OOKOUCHI
大越,オオコシ,おおこし,OOKOSHI
大坂,オオサカ,おおさか,OOSAKA
大崎,オオサキ,おおさき,OOSAKI
大前,オオサキ,おおさき,OOSAKI
大迫,オオサコ,おおさこ,OOSAKO
大里,オオサト,おおさと,OOSATO
大沢,オオサワ,おおさわ,OOSAWA
大澤,オオサワ,おおさわ,OOSAWA
大下,オオシタ,おおした,OOSHITA
大島,オオシマ,おおしま,OOSHIMA
大嶋,オオシマ,おおしま,OOSHIMA
大城,オオシロ,おおしろ,OOSHIRO
大須賀,オオスガ,おおすが,OOSUGA
大杉,オオスギ,おおすぎ,OOSUGI
大隅,オオスミ,おおすみ,OOSUMI
大関,オオゼキ,おおぜき,OOZEKI
太田,オオタ,おおた,OOTA
大田,オオタ,おおた,OOTA
大高,オオタカ,おおたか,OOTAKA
大滝,オオタキ,おおたき,OOTAKI
大竹,オオタケ,おおたけ,OOTAKE
大谷,オオタニ,おおたに,OOTANI
大津,オオツ,おおつ,OOTSU
大塚,オオツカ,おおつか,OOTSUKA
大月,オオツキ,おおつき,OOTSUKI
大槻,オオツキ,おおつき,OOTSUKI
大坪,オオツボ,おおつぼ,OOTSUBO
大友,オオトモ,おおとも,OOTOMO
大西,オオニシ,おおにし,OONISHI
大貫,オオヌキ,おおぬき,OONUKI
大沼,オオヌマ,おおぬま,OONUMA
大野,オオノ,おおの,OONO
大場,オオバ,おおば,OOBA
大庭,オオバ,おおば,OOBA
大橋,オオハシ,おおはし,OOHASHI
大畑,オオハタ,おおはた,OOHATA
大畠,オオハタ,おおはた,OOHATA
大浜,オオハマ,おおはま,OOHAMA
大林,オオバヤシ,おおばやし,OOBAYASHI
大原,オオハラ,おおはら,OOHARA
大平,オオヒラ,おおひら,OOHIRA
大藤,オオフジ,おおふじ,OOFUJI
大堀,オオホリ,おおほり,OOHORI
大町,オオマチ,おおまち,OOMACHI
近江,オオミ,おおみ,OOMI
大宮,オオミヤ,おおみや,OOMIYA
大村,オオムラ,おおむら,OOMURA
大本,オオモト,おおもと,OOMOTO
大森,オオモリ,おおもり,OOMORI
大屋,オオヤ,おおや,OOYA
大矢,オオヤ,おおや,OOYA
大山,オオヤマ,おおやま,OOYAMA
大脇,オオワキ,おおわき,OOWAKI
大和田,オオワダ,おおわだ,OOWADA
岡,オカ,おか,OKA
岡崎,オカザキ,おかざき,OKAZAKI
小笠原,オガサワラ,おがさわら,OGASAWARA
岡島,オカジマ,おかじま,OKAJIMA
岡田,オカダ,おかだ,OKADA
緒方,オガタ,おがた,OGATA
尾形,オガタ,おがた,OGATA
岡野,オカノ,おかの,OKANO
岡林,オカバヤシ,おかばやし,OKABAYASHI
岡部,オカベ,おかべ,OKABE
岡村,オカムラ,おかむら,OKAMURA
岡元,オカモト,おかもと,OKAMOTO
岡本,オカモト,おかもと,OKAMOTO
岡安,オカヤス,おかやす,OKAYASU
岡山,オカヤマ,おかやま,OKAYAMA
小河,オガワ,おがわ,OGAWA
小川,オガワ,おがわ,OGAWA
沖,オキ,おき,OKI
小木曽,オギソ,おぎそ,OGISO
沖田,オキタ,おきた,OKITA
沖野,オキノ,おきの,OKINO
荻野,オギノ,おぎの,OGINO
沖本,オキモト,おきもと,OKIMOTO
荻原,オギワラ,おぎわら,OGIWARA
奥,オク,おく,OKU
奥井,オクイ,おくい,OKUI
奥田,オクダ,おくだ,OKUDA
奥平,オクダイラ,おくだいら,OKUDAIRA
奥谷,オクタニ,おくたに,OKUTANI
奥野,オクノ,おくの,OKUNO
奥原,オクハラ,おくはら,OKUHARA
奥村,オクムラ,おくむら,OKUMURA
奥本,オクモト,おくもと,OKUMOTO
奥山,オクヤマ,おくやま,OKUYAMA
小倉,オグラ,おぐら,OGURA
小椋,オグラ,おぐら,OGURA
小崎,オザキ,おざき,OZAKI
尾崎,オザキ,おざき,OZAKI
長田,オサダ,おさだ,OSADA
小山内,オサナイ,おさない,OSANAI
長内,オサナイ,おさない,OSANAI
小沢,オザワ,おざわ,OZAWA
小澤,オザワ,おざわ,OZAWA
押田,オシダ,おしだ,OSHIDA
尾関,オゼキ,おぜき,OZEKI
小田,オダ,おだ,ODA
織田,オダ,おだ,ODA
尾田,オダ,おだ,ODA
小高,オダカ,おだか,ODAKA
小田切,オダギリ,おだぎり,ODAGIRI
小田島,オダジマ,おだじま,ODAJIMA
小田原,オダワラ,おだわら,ODAWARA
越智,オチ,おち,OCHI
落合,オチアイ,おちあい,OCHIAI
鬼塚,オニズカ,おにずか,ONIZUKA
小貫,オヌキ,おぬき,ONUKI
小野,オノ,おの,ONO
尾上,オノエ,おのえ,ONOE
小野沢,オノザワ,おのざわ,ONOZAWA
小野田,オノダ,おのだ,ONODA
小野塚,オノヅカ,おのづか,ONODUKA
小野寺,オノデラ,おのでら,ONODERA
小幡,オバタ,おばた,OBATA
小畑,オバタ,おばた,OBATA
小浜,オバマ,おばま,OBAMA
小原,オハラ,おはら,OHARA
小俣,オマタ,おまた,OMATA
小山田,オヤマダ,おやまだ,OYAMADA
折田,オリタ,おりた,ORITA
折原,オリハラ,おりはら,ORIHARA
恩田,オンダ,おんだ,ONDA
甲斐,カイ,かい,KAI
加賀,カガ,かが,KAGA
加賀谷,カガヤ,かがや,KAGAYA
香川,カガワ,かがわ,KAGAWA
垣内,カキウチ,かきうち,KAKIUCHI
柿崎,カキザキ,かきざき,KAKIZAKI
柿沼,カキヌマ,かきぬま,KAKINUMA
柿原,カキハラ,かきはら,KAKIHARA
柿本,カキモト,かきもと,KAKIMOTO
加来,カク,かく,KAKU
影山,カゲヤマ,かげやま,KAGEYAMA
景山,カゲヤマ,かげやま,KAGEYAMA
河口,カコウ,かこう,KAKOU
河西,カサイ,かさい,KASAI
笠井,カサイ,かさい,KASAI
葛西,カサイ,かさい,KASAI
笠原,カサハラ,かさはら,KASAHARA
風間,カザマ,かざま,KAZAMA
笠松,カサマツ,かさまつ,KASAMATSU
梶,カジ,かじ,KAJI
梶川,カジカワ,かじかわ,KAJIKAWA
梶田,カジタ,かじた,KAJITA
梶谷,カジタニ,かじたに,KAJITANI
鹿島,カシマ,かしま,KASHIMA
梶本,カジモト,かじもと,KAJIMOTO
梶山,カジヤマ,かじやま,KAJIYAMA
柏,カシワ,かしわ,KASHIWA
柏木,カシワギ,かしわぎ,KASHIWAGI
柏崎,カシワザキ,かしわざき,KASHIWAZAKI
柏原,カシワラ,かしわら,KASHIWARA
梶原,カジワラ,かじわら,KAJIWARA
粕谷,カスヤ,かすや,KASUYA
加瀬,カセ,かせ,KASE
片岡,カタオカ,かたおか,KATAOKA
片桐,カタギリ,かたぎり,KATAGIRI
片倉,カタクラ,かたくら,KATAKURA
片野,カタノ,かたの,KATANO
片平,カタヒラ,かたひら,KATAHIRA
片山,カタヤマ,かたやま,KATAYAMA
加地,カチ,かち,KACHI
香月,カツキ,かつき,KATSUKI
勝田,カツタ,かつた,KATSUTA
勝野,カツノ,かつの,KATSUNO
勝部,カツベ,かつべ,KATSUBE
勝俣,カツマタ,かつまた,KATSUMATA
勝又,カツマタ,かつまた,KATSUMATA
勝山,カツヤマ,かつやま,KATSUYAMA
桂,カツラ,かつら,KATSURA
角,カド,かど,KADO
加藤,カトウ,かとう,KATOU
門田,カドタ,かどた,KADOTA
香取,カトリ,かとり,KATORI
門脇,カドワキ,かどわき,KADOWAKI
金井,カナイ,かない,KANAI
金崎,カナサキ,かなさき,KANASAKI
金沢,カナザワ,かなざわ,KANAZAWA
金澤,カナザワ,かなざわ,KANAZAWA
金本,カナモト,かなもと,KANAMOTO
金森,カナモリ,かなもり,KANAMORI
金谷,カナヤ,かなや,KANAYA
金,カネ,かね,KANE
金川,カネカワ,かねかわ,KANEKAWA
兼子,カネコ,かねこ,KANEKO
金田,カネダ,かねだ,KANEDA
兼田,カネダ,かねだ,KANEDA
金野,カネノ,かねの,KANENO
金丸,カネマル,かねまる,KANEMARU
金光,カネミツ,かねみつ,KANEMITSU
鹿野,カノ,かの,KANO
加納,カノウ,かのう,KANOU
鎌倉,カマクラ,かまくら,KAMAKURA
鎌田,カマタ,かまた,KAMATA
神,カミ,かみ,KAMI
神尾,カミオ,かみお,KAMIO
上岡,カミオカ,かみおか,KAMIOKA
上川,カミカワ,かみかわ,KAMIKAWA
上坂,カミサカ,かみさか,KAMISAKA
上条,カミジョウ,かみじょう,KAMIJIXYOU
神谷,カミヤ,かみや,KAMIYA
上山,カミヤマ,かみやま,KAMIYAMA
神山,カミヤマ,かみやま,KAMIYAMA
亀井,カメイ,かめい,KAMEI
亀岡,カメオカ,かめおか,KAMEOKA
亀田,カメダ,かめだ,KAMEDA
亀谷,カメヤ,かめや,KAMEYA
亀山,カメヤマ,かめやま,KAMEYAMA
加茂,カモ,かも,KAMO
唐沢,カラサワ,からさわ,KARASAWA
狩野,カリノ,かりの,KARINO
河井,カワイ,かわい,KAWAI
河合,カワイ,かわい,KAWAI
川井,カワイ,かわい,KAWAI
川合,カワイ,かわい,KAWAI
川内,カワウチ,かわうち,KAWAUCHI
河上,カワカミ,かわかみ,KAWAKAMI
川上,カワカミ,かわかみ,KAWAKAMI
川岸,カワギシ,かわぎし,KAWAGISHI
川北,カワキタ,かわきた,KAWAKITA
川口,カワグチ,かわぐち,KAWAGUCHI
川久保,カワクボ,かわくぼ,KAWAKUBO
川越,カワゴシ,かわごし,KAWAGOSHI
河崎,カワサキ,かわさき,KAWASAKI
川崎,カワサキ,かわさき,KAWASAKI
河島,カワシマ,かわしま,KAWASHIMA
川島,カワシマ,かわしま,KAWASHIMA
川嶋,カワシマ,かわしま,KAWASHIMA
川尻,カワジリ,かわじり,KAWAJIRI
川瀬,カワセ,かわせ,KAWASE
川添,カワゾエ,かわぞえ,KAWAZOE
川田,カワタ,かわた,KAWATA
河田,カワダ,かわだ,KAWADA
河内,カワチ,かわち,KAWACHI
河津,カワツ,かわつ,KAWATSU
川名,カワナ,かわな,KAWANA
川西,カワニシ,かわにし,KAWANISHI
川野,カワノ,かわの,KAWANO
川畑,カワハタ,かわはた,KAWAHATA
河端,カワバタ,かわばた,KAWABATA
川端,カワバタ,かわばた,KAWABATA
河辺,カワベ,かわべ,KAWABE
川辺,カワベ,かわべ,KAWABE
川俣,カワマタ,かわまた,KAWAMATA
川又,カワマタ,かわまた,KAWAMATA
河村,カワムラ,かわむら,KAWAMURA
川村,カワムラ,かわむら,KAWAMURA
川本,カワモト,かわもと,KAWAMOTO
河原,カワラ,かわら,KAWARA
川原,カワラ,かわら,KAWARA
神崎,カンザキ,かんざき,KANZAKI
神田,カンダ,かんだ,KANDA
上林,カンバヤシ,かんばやし,KANBAYASHI
神林,カンバヤシ,かんばやし,KANBAYASHI
神原,カンバラ,かんばら,KANBARA
木内,キウチ,きうち,KIUCHI
菊川,キクガワ,きくがわ,KIKUGAWA
菊田,キクタ,きくた,KIKUTA
菊地,キクチ,きくち,KIKUCHI
菊池,キクチ,きくち,KIKUCHI
木口,キグチ,きぐち,KIGUCHI
木崎,キザキ,きざき,KIZAKI
岸,キシ,きし,KISHI
岸川,キシカワ,きしかわ,KISHIKAWA
岸田,キシダ,きしだ,KISHIDA
岸野,キシノ,きしの,KISHINO
木島,キジマ,きじま,KIJIMA
岸本,キシモト,きしもと,KISHIMOTO
喜多,キタ,きた,KITA
北,キタ,きた,KITA
喜田,キダ,きだ,KIDA
木田,キダ,きだ,KIDA
北井,キタイ,きたい,KITAI
北浦,キタウラ,きたうら,KITAURA
北尾,キタオ,きたお,KITAO
北岡,キタオカ,きたおか,KITAOKA
北川,キタガワ,きたがわ,KITAGAWA
北口,キタグチ,きたぐち,KITAGUCHI
北沢,キタザワ,きたざわ,KITAZAWA
北澤,キタザワ,きたざわ,KITAZAWA
北島,キタジマ,きたじま,KITAJIMA
北田,キタダ,きただ,KITADA
木谷,キダニ,きだに,KIDANI
北野,キタノ,きたの,KITANO
北林,キタバヤシ,きたばやし,KITABAYASHI
北原,キタハラ,きたはら,KITAHARA
北村,キタムラ,きたむら,KITAMURA
北本,キタモト,きたもと,KITAMOTO
北山,キタヤマ,きたやま,KITAYAMA
城戸,キド,きど,KIDO
木戸,キド,きど,KIDO
鬼頭,キトウ,きとう,KITOU
木野,キノ,きの,KINO
木下,キノシタ,きのした,KINOSHITA
木場,キバ,きば,KIBA
木幡,キハタ,きはた,KIHATA
木原,キハラ,きはら,KIHARA
君島,キミジマ,きみじま,KIMIJIMA
木村,キムラ,きむら,KIMURA
木元,キモト,きもと,KIMOTO
木山,キヤマ,きやま,KIYAMA
清川,キヨカワ,きよかわ,KIYOKAWA
清田,キヨタ,きよた,KIYOTA
清原,キヨハラ,きよはら,KIYOHARA
清宮,キヨミヤ,きよみや,KIYOMIYA
吉良,キラ,きら,KIRA
桐原,キリハラ,きりはら,KIRIHARA
桐山,キリヤマ,きりやま,KIRIYAMA
桐生,キリュウ,きりゅう,KIRIXYUU
金山,キンザン,きんざん,KINZAN
金城,キンジョウ,きんじょう,KINJOU
金子,キンス,きんす,KINSU
金原,キンバラ,きんばら,KINBARA
久我,クガ,くが,KUGA
日下,クサカ,くさか,KUSAKA
日下部,クサカベ,くさかべ,KUSAKABE
草野,クサノ,くさの,KUSANO
草間,クサマ,くさま,KUSAMA
具志堅,グシカタ,ぐしかた,GUSHIKATA
櫛田,クシダ,くしだ,KUSHIDA
楠田,クスダ,くすだ,KUSUDA
楠,クスノキ,くすのき,KUSUNOKI
楠本,クスモト,くすもと,KUSUMOTO
工藤,クドウ,くどう,KUDOU
国井,クニイ,くにい,KUNII
国吉,クニヨシ,くによし,KUNIYOSHI
久野,クノ,くの,KUNO
久保,クボ,くぼ,KUBO
久保田,クボタ,くぼた,KUBOTA
窪田,クボタ,くぼた,KUBOTA
熊谷,クマガイ,くまがい,KUMAGAI
熊木,クマキ,くまき,KUMAKI
熊倉,クマクラ,くまくら,KUMAKURA
熊崎,クマザキ,くまざき,KUMAZAKI
熊沢,クマサワ,くまさわ,KUMASAWA
熊田,クマダ,くまだ,KUMADA
熊野,クマノ,くまの,KUMANO
熊本,クマモト,くまもと,KUMAMOTO
久米,クメ,くめ,KUME
倉島,クラシマ,くらしま,KURASHIMA
倉田,クラタ,くらた,KURATA
倉橋,クラハシ,くらはし,KURAHASHI
倉持,クラモチ,くらもち,KURAMOCHI
倉本,クラモト,くらもと,KURAMOTO
栗田,クリタ,くりた,KURITA
栗林,クリバヤシ,くりばやし,KURIBAYASHI
栗原,クリハラ,くりはら,KURIHARA
栗本,クリモト,くりもと,KURIMOTO
栗山,クリヤマ,くりやま,KURIYAMA
栗栖,クルス,くるす,KURUSU
黒岩,クロイワ,くろいわ,KUROIWA
黒川,クロカワ,くろかわ,KUROKAWA
黒木,クロキ,くろき,KUROKI
黒崎,クロサキ,くろさき,KUROSAKI
黒沢,クロサワ,くろさわ,KUROSAWA
黒澤,クロサワ,くろさわ,KUROSAWA
黒須,クロス,くろす,KUROSU
黒瀬,クロセ,くろせ,KUROSE
黒田,クロダ,くろだ,KURODA
桑名,クワナ,くわな,KUWANA
桑野,クワノ,くわの,KUWANO
桑原,クワバラ,くわばら,KUWABARA
桑山,クワヤマ,くわやま,KUWAYAMA
郡司,グンシ,ぐんし,GUNSHI
下山,ゲザン,げざん,GEZAN
下野,ゲヤ,げや,GEYA
原野,ゲンヤ,げんや,GENYA
小池,コイケ,こいけ,KOIKE
小泉,コイズミ,こいずみ,KOIZUMI
小出,コイデ,こいで,KOIDE
高,コウ,こう,KOU
高原,コウゲン,こうげん,KOUGEN
向後,コウゴ,こうご,KOUGO
高山,コウザン,こうざん,KOUZAN
江上,コウジョウ,こうじょう,KOUJIXYOU
江村,コウソン,こうそん,KOUSON
甲田,コウタ,こうた,KOUTA
幸田,コウダ,こうだ,KOUDA
合田,ゴウダ,ごうだ,GOUDA
河野,コウノ,こうの,KOUNO
神戸,コウベ,こうべ,KOUBE
高村,コウムラ,こうむら,KOUMURA
河本,コウモト,こうもと,KOUMOTO
高本,コウモト,こうもと,KOUMOTO
広野,コウヤ,こうや,KOUYA
高野,コウヤ,こうや,KOUYA
向山,コウヤマ,こうやま,KOUYAMA
古賀,コガ,こが,KOGA
小口,コグチ,こぐち,KOGUCHI
国分,コクブ,こくぶ,KOKUBU
小久保,コクボ,こくぼ,KOKUBO
国本,コクホン,こくほん,KOKUHON
小熊,コグマ,こぐま,KOGUMA
小暮,コグレ,こぐれ,KOGURE
木暮,コグレ,こぐれ,KOGURE
小黒,コグロ,こぐろ,KOGURO
小坂,コサカ,こさか,KOSAKA
小柴,コシバ,こしば,KOSHIBA
児島,コジマ,こじま,KOJIMA
小島,コジマ,こじま,KOJIMA
小嶋,コジマ,こじま,KOJIMA
小杉,コスギ,こすぎ,KOSUGI
小菅,コスゲ,こすげ,KOSUGE
古瀬,コセ,こせ,KOSE
小関,コセキ,こせき,KOSEKI
小平,コダイラ,こだいら,KODAIRA
小滝,コタキ,こたき,KOTAKI
小竹,コタケ,こたけ,KOTAKE
小谷,コタニ,こたに,KOTANI
児玉,コダマ,こだま,KODAMA
小玉,コダマ,こだま,KODAMA
小塚,コヅカ,こづか,KODUKA
小寺,コデラ,こでら,KODERA
五島,ゴトウ,ごとう,GOTOU
後藤,ゴトウ,ごとう,GOTOU
小西,コニシ,こにし,KONISHI
小沼,コヌマ,こぬま,KONUMA
小橋,コバシ,こばし,KOBASHI
小早川,コバヤカワ,こばやかわ,KOBAYAKAWA
小林,コバヤシ,こばやし,KOBAYASHI
古木,コボク,こぼく,KOBOKU
小堀,コボリ,こぼり,KOBORI
駒井,コマイ,こまい,KOMAI
小牧,コマキ,こまき,KOMAKI
駒田,コマダ,こまだ,KOMADA
小松,コマツ,こまつ,KOMATSU
小松崎,コマツザキ,こまつざき,KOMATSUZAKI
小松原,コマツバラ,こまつばら,KOMATSUBARA
五味,ゴミ,ごみ,GOMI
小峰,コミネ,こみね,KOMINE
小宮,コミヤ,こみや,KOMIYA
小宮山,コミヤマ,こみやま,KOMIYAMA
小村,コムラ,こむら,KOMURA
小室,コムロ,こむろ,KOMURO
小森,コモリ,こもり,KOMORI
小柳,コヤナギ,こやなぎ,KOYANAGI
小谷野,コヤノ,こやの,KOYANO
小山,コヤマ,こやま,KOYAMA
権田,ゴンダ,ごんだ,GONDA
近藤,コンドウ,こんどう,KONDOU
権藤,ゴンドウ,ごんどう,GONDOU
今野,コンノ,こんの,KONNO
紺野,コンノ,こんの,KONNO
根本,コンポン,こんぽん,KONPON
斎木,サイキ,さいき,SAIKI
細見,サイケン,さいけん,SAIKEN
斎藤,サイトウ,さいとう,SAITOU
斉藤,サイトウ,さいとう,SAITOU
齋藤,サイトウ,さいとう,SAITOU
齊藤,サイトウ,さいとう,SAITOU
佐伯,サエキ,さえき,SAEKI
坂,サカ,さか,SAKA
嵯峨,サガ,さが,SAGA
境,サカイ,さかい,SAKAI
坂井,サカイ,さかい,SAKAI
堺,サカイ,さかい,SAKAI
酒井,サカイ,さかい,SAKAI
坂内,サカウチ,さかうち,SAKAUCHI
坂上,サカガミ,さかがみ,SAKAGAMI
阪上,サカガミ,さかがみ,SAKAGAMI
榊,サカキ,さかき,SAKAKI
榊原,サカキバラ,さかきばら,SAKAKIBARA
坂口,サカグチ,さかぐち,SAKAGUCHI
阪口,サカグチ,さかぐち,SAKAGUCHI
坂倉,サカクラ,さかくら,SAKAKURA
坂下,サカシタ,さかした,SAKASHITA
坂田,サカタ,さかた,SAKATA
阪田,サカタ,さかた,SAKATA
坂根,サカネ,さかね,SAKANE
坂野,サカノ,さかの,SAKANO
坂部,サカベ,さかべ,SAKABE
坂巻,サカマキ,さかまき,SAKAMAKI
坂元,サカモト,さかもと,SAKAMOTO
坂本,サカモト,さかもと,SAKAMOTO
阪本,サカモト,さかもと,SAKAMOTO
相良,サガラ,さがら,SAGARA
佐川,サガワ,さがわ,SAGAWA
崎山,サキヤマ,さきやま,SAKIYAMA
前山,サキヤマ,さきやま,SAKIYAMA
作田,サクタ,さくた,SAKUTA
佐久間,サクマ,さくま,SAKUMA
桜井,サクライ,さくらい,SAKURAI
櫻井,サクライ,さくらい,SAKURAI
桜木,サクラギ,さくらぎ,SAKURAGI
桜田,サクラダ,さくらだ,SAKURADA
桜庭,サクラバ,さくらば,SAKURABA
佐古,サコ,さこ,SAKO
迫田,サコダ,さこだ,SAKODA
佐々,ササ,ささ,SASA
笹井,ササイ,ささい,SASAI
笹岡,ササオカ,ささおか,SASAOKA
笹川,ササガワ,ささがわ,SASAGAWA
佐々木,ササキ,ささき,SASAKI
笹木,ササキ,ささき,SASAKI
小栗,ササグリ,ささぐり,SASAGURI
笹田,ササダ,ささだ,SASADA
笹本,ササモト,ささもと,SASAMOTO
笹山,ササヤマ,ささやま,SASAYAMA
笹原,ササワラ,ささわら,SASAWARA
佐瀬,サセ,させ,SASE
佐田,サタ,さた,SATA
佐竹,サタケ,さたけ,SATAKE
佐藤,サトウ,さとう,SATOU
里見,サトミ,さとみ,SATOMI
真田,サナダ,さなだ,SANADA
佐野,サノ,さの,SANO
佐原,サハラ,さはら,SAHARA
鮫島,サメジマ,さめじま,SAMEJIMA
佐山,サヤマ,さやま,SAYAMA
猿渡,サルワタリ,さるわたり,SARUWATARI
沢,サワ,さわ,SAWA
澤,サワ,さわ,SAWA
沢井,サワイ,さわい,SAWAI
澤井,サワイ,さわい,SAWAI
沢口,サワグチ,さわぐち,SAWAGUCHI
沢田,サワダ,さわだ,SAWADA
澤田,サワダ,さわだ,SAWADA
沢野,サワノ,さわの,SAWANO
沢村,サワムラ,さわむら,SAWAMURA
三角,サンカク,さんかく,SANKAKU
山谷,サンコク,さんこく,SANKOKU
山上,サンジョウ,さんじょう,SANJOU
三村,サンソン,さんそん,SANSON
山村,サンソン,さんそん,SANSON
山地,サンチ,さんち,SANCHI
山中,サンチュウ,さんちゅう,SANCHUU
三島,サントウ,さんとう,SANTOU
三瓶,サンビン,さんびん,SANBIN
山野,サンヤ,さんや,SANYA
三輪,サンリン,さんりん,SANRIN
椎名,シイナ,しいな,SHIINA
椎葉,シイバ,しいば,SHIIBA
塩川,シオカワ,しおかわ,SHIOKAWA
塩崎,シオザキ,しおざき,SHIOZAKI
塩沢,シオザワ,しおざわ,SHIOZAWA
塩野,シオノ,しおの,SHIONO
塩原,シオハラ,しおはら,SHIOHARA
塩見,シオミ,しおみ,SHIOMI
塩谷,シオヤ,しおや,SHIOYA
志賀,シガ,しが,SHIGA
重田,シゲタ,しげた,SHIGETA
重松,シゲマツ,しげまつ,SHIGEMATSU
宍戸,シシド,ししど,SHISHIDO
志田,シダ,しだ,SHIDA
下地,シタジ,したじ,SHITAJI
設楽,シダラ,しだら,SHIDARA
寺内,ジナイ,じない,JINAI
品川,シナガワ,しながわ,SHINAGAWA
品田,シナダ,しなだ,SHINADA
篠崎,シノザキ,しのざき,SHINOZAKI
篠田,シノダ,しのだ,SHINODA
信田,シノダ,しのだ,SHINODA
篠塚,シノヅカ,しのづか,SHINODUKA
篠原,シノハラ,しのはら,SHINOHARA
柴,シバ,しば,SHIBA
芝,シバ,しば,SHIBA
柴崎,シバザキ,しばざき,SHIBAZAKI
柴田,シバタ,しばた,SHIBATA
芝田,シバタ,しばた,SHIBATA
柴原,シバハラ,しばはら,SHIBAHARA
柴山,シバヤマ,しばやま,SHIBAYAMA
渋谷,シブヤ,しぶや,SHIBUYA
四方,シホウ,しほう,SHIHOU
島,シマ,しま,SHIMA
嶋,シマ,しま,SHIMA
島崎,シマザキ,しまざき,SHIMAZAKI
嶋崎,シマザキ,しまざき,SHIMAZAKI
島津,シマズ,しまず,SHIMAZU
嶋田,シマタ,しまた,SHIMATA
島田,シマダ,しまだ,SHIMADA
島野,シマノ,しまの,SHIMANO
島袋,シマブクロ,しまぶくろ,SHIMABUKURO
島村,シマムラ,しまむら,SHIMAMURA
嶋村,シマムラ,しまむら,SHIMAMURA
島本,シマモト,しまもと,SHIMAMOTO
志水,シミズ,しみず,SHIMIZU
清水,シミズ,しみず,SHIMIZU
志村,シムラ,しむら,SHIMURA
下川,シモカワ,しもかわ,SHIMOKAWA
下田,シモダ,しもだ,SHIMODA
下平,シモダイラ,しもだいら,SHIMODAIRA
下村,シモムラ,しもむら,SHIMOMURA
寺門,ジモン,じもん,JIMON
宗像,シュウゾウ,しゅうぞう,SHUUZOU
首藤,シュドウ,しゅどう,SHUDOU
春日,シュンジツ,しゅんじつ,SHUNJITSU
庄司,ショウジ,しょうじ,SHOUJI
庄子,ショウジ,しょうじ,SHOUJI
東海林,ショウジ,しょうじ,SHOUJI
正田,ショウダ,しょうだ,SHOUDA
上地,ジョウチ,じょうち,JOUCHI
白井,シライ,しらい,SHIRAI
白川,シラカワ,しらかわ,SHIRAKAWA
白木,シラキ,しらき,SHIRAKI
白崎,シラサキ,しらさき,SHIRASAKI
白土,シラツチ,しらつち,SHIRATSUCHI
白浜,シラハマ,しらはま,SHIRAHAMA
城,シロ,しろ,SHIRO
白石,シロイシ,しろいし,SHIROISHI
白岩,シロイワ,しろいわ,SHIROIWA
城田,シロタ,しろた,SHIROTA
白田,シロタ,しろた,SHIROTA
城間,シロマ,しろま,SHIROMA
白水,シロミズ,しろみず,SHIROMIZU
新,シン,しん,SHIN
秦,シン,しん,SHIN
新海,シンカイ,しんかい,SHINKAI
新開,シンカイ,しんかい,SHINKAI
新川,シンカワ,しんかわ,SHINKAWA
新居,シンキョ,しんきょ,SHINKYO
新家,シンケ,しんけ,SHINKE
深山,シンザン,しんざん,SHINZAN
新城,シンジョウ,しんじょう,SHINJOU
深井,シンセイ,しんせい,SHINSEI
新谷,シンタニ,しんたに,SHINTANI
新田,シンデン,しんでん,SHINDEN
新藤,シンドウ,しんどう,SHINDOU
進藤,シンドウ,しんどう,SHINDOU
神野,ジンノ,じんの,JINNO
新保,シンボ,しんぼ,SHINBO
神保,ジンボ,じんぼ,JINBO
新堀,シンボリ,しんぼり,SHINBORI
新山,シンヤマ,しんやま,SHINYAMA
水上,スイジョウ,すいじょう,SUIJOU
水沢,スイタク,すいたく,SUITAKU
水田,スイデン,すいでん,SUIDEN
末吉,スエキチ,すえきち,SUEKICHI
末次,スエツグ,すえつぐ,SUETSUGU
末永,スエナガ,すえなが,SUENAGA
末広,スエヒロ,すえひろ,SUEHIRO
末松,スエマツ,すえまつ,SUEMATSU
須賀,スガ,すが,SUGA
須貝,スガイ,すがい,SUGAI
菅井,スガイ,すがい,SUGAI
菅沼,スガヌマ,すがぬま,SUGANUMA
菅野,スガノ,すがの,SUGANO
菅谷,スガヤ,すがや,SUGAYA
菅原,スガワラ,すがわら,SUGAWARA
杉,スギ,すぎ,SUGI
杉浦,スギウラ,すぎうら,SUGIURA
杉江,スギエ,すぎえ,SUGIE
杉岡,スギオカ,すぎおか,SUGIOKA
杉崎,スギサキ,すぎさき,SUGISAKI
杉田,スギタ,すぎた,SUGITA
杉谷,スギタニ,すぎたに,SUGITANI
杉野,スギノ,すぎの,SUGINO
杉原,スギハラ,すぎはら,SUGIHARA
杉村,スギムラ,すぎむら,SUGIMURA
杉本,スギモト,すぎもと,SUGIMOTO
杉森,スギモリ,すぎもり,SUGIMORI
杉山,スギヤマ,すぎやま,SUGIYAMA
菅,スゲ,すげ,SUGE
助川,スケガワ,すけがわ,SUKEGAWA
菅田,スゲタ,すげた,SUGETA
須崎,スザキ,すざき,SUZAKI
鈴木,スズキ,すずき,SUZUKI
鈴村,スズムラ,すずむら,SUZUMURA
須田,スダ,すだ,SUDA
須藤,スドウ,すどう,SUDOU
須永,スナガ,すなが,SUNAGA
砂川,スナガワ,すながわ,SUNAGAWA
砂田,スナダ,すなだ,SUNADA
鷲見,スミ,すみ,SUMI
住田,スミタ,すみた,SUMITA
隅田,スミダ,すみだ,SUMIDA
角野,スミノ,すみの,SUMINO
住吉,スミヨシ,すみよし,SUMIYOSHI
須山,スヤマ,すやま,SUYAMA
陶山,スヤマ,すやま,SUYAMA
諏訪,スワ,すわ,SUWA
清家,セイケ,せいけ,SEIKE
清野,セイノ,せいの,SEINO
瀬尾,セオ,せお,SEO
妹尾,セオ,せお,SEO
瀬川,セガワ,せがわ,SEGAWA
関,セキ,せき,SEKI
関川,セキカワ,せきかわ,SEKIKAWA
関口,セキグチ,せきぐち,SEKIGUCHI
関戸,セキド,せきど,SEKIDO
関根,セキネ,せきね,SEKINE
関野,セキノ,せきの,SEKINO
関本,セキモト,せきもと,SEKIMOTO
関谷,セキヤ,せきや,SEKIYA
瀬戸,セト,せと,SETO
瀬戸口,セトグチ,せとぐち,SETOGUCHI
芹沢,セリザワ,せりざわ,SERIZAWA
浅見,センケン,せんけん,SENKEN
千田,センダ,せんだ,SENDA
仙波,センナミ,せんなみ,SENNAMI
早田,ソウダ,そうだ,SOUDA
桑田,ソウデン,そうでん,SOUDEN
相馬,ソウマ,そうま,SOUMA
副島,ソエジマ,そえじま,SOEJIMA
添田,ソエダ,そえだ,SOEDA
曽我,ソガ,そが,SOGA
曽我部,ソガベ,そがべ,SOGABE
曾根,ソネ,そね,SONE
曽根,ソネ,そね,SONE
園田,ソノダ,そのだ,SONODA
園部,ソノベ,そのべ,SONOBE
染谷,ソメヤ,そめや,SOMEYA
田井,タイ,たい,TAI
大家,タイカ,たいか,TAIKA
大賀,タイガ,たいが,TAIGA
大江,ダイコウ,だいこう,DAIKOU
大黒,ダイコク,だいこく,DAIKOKU
大東,ダイトウ,だいとう,DAITOU
大道,ダイドウ,だいどう,DAIDOU
大木,タイボク,たいぼく,TAIBOKU
大門,ダイモン,だいもん,DAIMON
平良,タイラ,たいら,TAIRA
多賀,タガ,たが,TAGA
高井,タカイ,たかい,TAKAI
高石,タカイシ,たかいし,TAKAISHI
高尾,タカオ,たかお,TAKAO
高岡,タカオカ,たかおか,TAKAOKA
高垣,タカガキ,たかがき,TAKAGAKI
高城,タカギ,たかぎ,TAKAGI
高木,タカギ,たかぎ,TAKAGI
高久,タカク,たかく,TAKAKU
高倉,タカクラ,たかくら,TAKAKURA
高桑,タカクワ,たかくわ,TAKAKUWA
高坂,タカサカ,たかさか,TAKASAKA
高崎,タカサキ,たかさき,TAKASAKI
高沢,タカサワ,たかさわ,TAKASAWA
高島,タカシマ,たかしま,TAKASHIMA
高嶋,タカシマ,たかしま,TAKASHIMA
田頭,タガシラ,たがしら,TAGASHIRA
高須,タカス,たかす,TAKASU
高杉,タカスギ,たかすぎ,TAKASUGI
高瀬,タカセ,たかせ,TAKASE
高田,タカダ,たかだ,TAKADA
高津,タカツ,たかつ,TAKATSU
高塚,タカツカ,たかつか,TAKATSUKA
高梨,タカナシ,たかなし,TAKANASHI
高橋,タカハシ,たかはし,TAKAHASHI
高畑,タカハタ,たかはた,TAKAHATA
高畠,タカハタ,たかはた,TAKAHATA
高浜,タカハマ,たかはま,TAKAHAMA
高林,タカバヤシ,たかばやし,TAKABAYASHI
高松,タカマツ,たかまつ,TAKAMATSU
高見,タカミ,たかみ,TAKAMI
田上,タガミ,たがみ,TAGAMI
高宮,タカミヤ,たかみや,TAKAMIYA
高森,タカモリ,たかもり,TAKAMORI
高谷,タカヤ,たかや,TAKAYA
高安,タカヤス,たかやす,TAKAYASU
高柳,タカヤナギ,たかやなぎ,TAKAYANAGI
高良,タカラ,たから,TAKARA
田川,タガワ,たがわ,TAGAWA
滝,タキ,たき,TAKI
滝川,タキガワ,たきがわ,TAKIGAWA
滝口,タキグチ,たきぐち,TAKIGUCHI
滝沢,タキザワ,たきざわ,TAKIZAWA
滝田,タキタ,たきた,TAKITA
滝本,タキモト,たきもと,TAKIMOTO
田口,タグチ,たぐち,TAGUCHI
竹井,タケイ,たけい,TAKEI
武井,タケイ,たけい,TAKEI
武石,タケイシ,たけいし,TAKEISHI
竹内,タケウチ,たけうち,TAKEUCHI
武内,タケウチ,たけうち,TAKEUCHI
竹川,タケガワ,たけがわ,TAKEGAWA
竹沢,タケザワ,たけざわ,TAKEZAWA
竹下,タケシタ,たけした,TAKESHITA
竹島,タケシマ,たけしま,TAKESHIMA
竹田,タケダ,たけだ,TAKEDA
武田,タケダ,たけだ,TAKEDA
武市,タケチ,たけち,TAKECHI
竹中,タケナカ,たけなか,TAKENAKA
竹野,タケノ,たけの,TAKENO
竹之内,タケノウチ,たけのうち,TAKENOUCHI
竹原,タケハラ,たけはら,TAKEHARA
竹村,タケムラ,たけむら,TAKEMURA
武村,タケムラ,たけむら,TAKEMURA
竹本,タケモト,たけもと,TAKEMOTO
武本,タケモト,たけもと,TAKEMOTO
竹森,タケモリ,たけもり,TAKEMORI
竹谷,タケヤ,たけや,TAKEYA
竹山,タケヤマ,たけやま,TAKEYAMA
武山,タケヤマ,たけやま,TAKEYAMA
田坂,タサカ,たさか,TASAKA
田崎,タザキ,たざき,TAZAKI
田沢,タザワ,たざわ,TAZAWA
田島,タジマ,たじま,TAJIMA
田嶋,タジマ,たじま,TAJIMA
田尻,タシリ,たしり,TASHIRI
田代,タシロ,たしろ,TASHIRO
多田,タダ,ただ,TADA
立川,タチカワ,たちかわ,TACHIKAWA
橘,タチバナ,たちばな,TACHIBANA
辰巳,タツミ,たつみ,TATSUMI
巽,タツミ,たつみ,TATSUMI
伊達,ダテ,だて,DATE
立石,タテイシ,たていし,TATEISHI
立野,タテノ,たての,TATENO
立山,タテヤマ,たてやま,TATEYAMA
田所,タドコロ,たどころ,TADOKORO
田中,タナカ,たなか,TANAKA
田仲,タナカ,たなか,TANAKA
棚橋,タナハシ,たなはし,TANAHASHI
田辺,タナベ,たなべ,TANABE
谷,タニ,たに,TANI
谷内,タニウチ,たにうち,TANIUCHI
谷岡,タニオカ,たにおか,TANIOKA
谷川,タニガワ,たにがわ,TANIGAWA
谷口,タニグチ,たにぐち,TANIGUCHI
谷崎,タニザキ,たにざき,TANIZAKI
谷田,タニダ,たにだ,TANIDA
谷野,タニノ,たにの,TANINO
谷村,タニムラ,たにむら,TANIMURA
谷本,タニモト,たにもと,TANIMOTO
谷山,タニヤマ,たにやま,TANIYAMA
田沼,タヌマ,たぬま,TANUMA
田畑,タハタ,たはた,TAHATA
田端,タバタ,たばた,TABATA
田淵,タブチ,たぶち,TABUCHI
田渕,タブチ,たぶち,TABUCHI
田部,タベ,たべ,TABE
田部井,タベイ,たべい,TABEI
玉井,タマイ,たまい,TAMAI
玉置,タマオキ,たまおき,TAMAOKI
玉川,タマカワ,たまかわ,TAMAKAWA
玉城,タマキ,たまき,TAMAKI
玉木,タマキ,たまき,TAMAKI
玉田,タマダ,たまだ,TAMADA
田丸,タマル,たまる,TAMARU
田宮,タミヤ,たみや,TAMIYA
田村,タムラ,たむら,TAMURA
田山,タヤマ,たやま,TAYAMA
田原,タワラ,たわら,TAWARA
丹下,タンゲ,たんげ,TANGE
丹治,タンジ,たんじ,TANJI
丹野,タンノ,たんの,TANNO
竹林,チクリン,ちくりん,CHIKURIN
知念,チネン,ちねん,CHINEN
茅野,チノ,ちの,CHINO
千野,チノ,ちの,CHINO
千葉,チバ,ちば,CHIBA
千原,チハラ,ちはら,CHIHARA
中元,チュウゲン,ちゅうげん,CHUUGEN
中條,チュウジョウ,ちゅうじょう,CHUUJIXYOU
中道,チュウドウ,ちゅうどう,CHUUDOU
長,チョウ,ちょう,CHOU
塚越,ツカコシ,つかこし,TSUKAKOSHI
塚田,ツカダ,つかだ,TSUKADA
塚原,ツカハラ,つかはら,TSUKAHARA
塚本,ツカモト,つかもと,TSUKAMOTO
津川,ツガワ,つがわ,TSUGAWA
津久井,ツクイ,つくい,TSUKUI
佃,ツクダ,つくだ,TSUKUDA
柘植,ツゲ,つげ,TSUGE
辻,ツジ,つじ,TSUJI
辻田,ツジダ,つじだ,TSUJIDA
辻野,ツジノ,つじの,TSUJINO
対馬,ツシマ,つしま,TSUSHIMA
津島,ツシマ,つしま,TSUSHIMA
辻村,ツジムラ,つじむら,TSUJIMURA
辻本,ツジモト,つじもと,TSUJIMOTO
津田,ツダ,つだ,TSUDA
辻井,ツヂイ,つぢい,TSUDII
土田,ツチダ,つちだ,TSUCHIDA
土屋,ツチヤ,つちや,TSUCHIYA
土谷,ツチヤ,つちや,TSUCHIYA
筒井,ツツイ,つつい,TSUTSUI
都築,ツヅキ,つづき,TSUDUKI
堤,ツツミ,つつみ,TSUTSUMI
津野,ツノ,つの,TSUNO
角田,ツノダ,つのだ,TSUNODA
角谷,ツノタニ,つのたに,TSUNOTANI
椿,ツバキ,つばき,TSUBAKI
坪井,ツボイ,つぼい,TSUBOI
坪内,ツボウチ,つぼうち,TSUBOUCHI
坪田,ツボタ,つぼた,TSUBOTA
津村,ツムラ,つむら,TSUMURA
露木,ツユキ,つゆき,TSUYUKI
鶴岡,ツルオカ,つるおか,TSURUOKA
鶴田,ツルタ,つるた,TSURUTA
鶴見,ツルミ,つるみ,TSURUMI
出口,デグチ,でぐち,DEGUCHI
手島,テシマ,てしま,TESHIMA
手嶋,テシマ,てしま,TESHIMA
手塚,テヅカ,てづか,TEDUKA
寺井,テライ,てらい,TERAI
寺尾,テラオ,てらお,TERAO
寺岡,テラオカ,てらおか,TERAOKA
寺川,テラカワ,てらかわ,TERAKAWA
寺崎,テラサキ,てらさき,TERASAKI
寺沢,テラサワ,てらさわ,TERASAWA
寺島,テラシマ,てらしま,TERASHIMA
寺嶋,テラシマ,てらしま,TERASHIMA
寺田,テラダ,てらだ,TERADA
寺西,テラニシ,てらにし,TERANISHI
寺村,テラムラ,てらむら,TERAMURA
寺本,テラモト,てらもと,TERAMOTO
寺山,テラヤマ,てらやま,TERAYAMA
照井,テルイ,てるい,TERUI
照屋,テルヤ,てるや,TERUYA
田野,デンヤ,でんや,DENYA
土肥,トイ,とい,TOI
土井,ドイ,どい,DOI
土居,ドイ,どい,DOI
道下,ドウカ,どうか,DOUKA
東郷,トウゴウ,とうごう,TOUGOU
東条,トウジョウ,とうじょう,TOUJIXYOU
東野,トウノ,とうの,TOUNO
藤本,トウホン,とうほん,TOUHON
富樫,トガシ,とがし,TOGASHI
土方,ドカタ,どかた,DOKATA
戸川,トガワ,とがわ,TOGAWA
土岐,トキ,とき,TOKI
時田,トキタ,ときた,TOKITA
常盤,トキワ,ときわ,TOKIWA
徳田,トクダ,とくだ,TOKUDA
徳永,トクナガ,とくなが,TOKUNAGA
徳丸,トクマル,とくまる,TOKUMARU
徳山,トクヤマ,とくやま,TOKUYAMA
所,トコロ,ところ,TOKORO
豊島,トシマ,としま,TOSHIMA
戸田,トダ,とだ,TODA
戸塚,トツカ,とつか,TOTSUKA
鳥羽,トバ,とば,TOBA
土橋,ドバシ,どばし,DOBASHI
飛田,トビタ,とびた,TOBITA
富岡,トミオカ,とみおか,TOMIOKA
冨岡,トミオカ,とみおか,TOMIOKA
富沢,トミサワ,とみさわ,TOMISAWA
富田,トミタ,とみた,TOMITA
冨田,トミタ,とみた,TOMITA
富永,トミナガ,とみなが,TOMINAGA
冨永,トミナガ,とみなが,TOMINAGA
冨山,トミヤマ,とみやま,TOMIYAMA
戸村,トムラ,とむら,TOMURA
伴,トモ,とも,TOMO
友田,トモダ,ともだ,TOMODA
戸谷,トヤ,とや,TOYA
外山,トヤマ,とやま,TOYAMA
富山,トヤマ,とやま,TOYAMA
豊岡,トヨオカ,とよおか,TOYOOKA
豊田,トヨダ,とよだ,TOYODA
鳥井,トリイ,とりい,TORII
鳥居,トリイ,とりい,TORII
鳥海,トリウミ,とりうみ,TORIUMI
鳥越,トリゴエ,とりごえ,TORIGOE
鳥山,トリヤマ,とりやま,TORIYAMA
内藤,ナイトウ,ないとう,NAITOU
内野,ナイヤ,ないや,NAIYA
直井,ナオイ,なおい,NAOI
中,ナカ,なか,NAKA
仲,ナカ,なか,NAKA
中井,ナカイ,なかい,NAKAI
中居,ナカイ,なかい,NAKAI
仲井,ナカイ,なかい,NAKAI
永井,ナガイ,ながい,NAGAI
長井,ナガイ,ながい,NAGAI
中江,ナカエ,なかえ,NAKAE
長江,ナガエ,ながえ,NAGAE
中尾,ナカオ,なかお,NAKAO
永尾,ナガオ,ながお,NAGAO
長尾,ナガオ,ながお,NAGAO
中岡,ナカオカ,なかおか,NAKAOKA
永岡,ナガオカ,ながおか,NAGAOKA
長岡,ナガオカ,ながおか,NAGAOKA
中垣,ナカガキ,なかがき,NAKAGAKI
中上,ナカガミ,なかがみ,NAKAGAMI
中川,ナカガワ,なかがわ,NAKAGAWA
仲川,ナカガワ,なかがわ,NAKAGAWA
中込,ナカゴミ,なかごみ,NAKAGOMI
長坂,ナガサカ,ながさか,NAGASAKA
中崎,ナカザキ,なかざき,NAKAZAKI
長崎,ナガサキ,ながさき,NAGASAKI
中里,ナカザト,なかざと,NAKAZATO
仲里,ナカザト,なかざと,NAKAZATO
中沢,ナカザワ,なかざわ,NAKAZAWA
中澤,ナカザワ,なかざわ,NAKAZAWA
長沢,ナガサワ,ながさわ,NAGASAWA
長澤,ナガサワ,ながさわ,NAGASAWA
中島,ナカジマ,なかじま,NAKAJIMA
中嶋,ナカジマ,なかじま,NAKAJIMA
永島,ナガシマ,ながしま,NAGASHIMA
長島,ナガシマ,ながしま,NAGASHIMA
長嶋,ナガシマ,ながしま,NAGASHIMA
中条,ナカジョウ,なかじょう,NAKAJOU
中瀬,ナカセ,なかせ,NAKASE
永瀬,ナガセ,ながせ,NAGASE
長瀬,ナガセ,ながせ,NAGASE
仲宗根,ナカソネ,なかそね,NAKASONE
中園,ナカゾノ,なかぞの,NAKAZONO
中田,ナカダ,なかだ,NAKADA
仲田,ナカダ,なかだ,NAKADA
永田,ナガタ,ながた,NAGATA
永谷,ナガタニ,ながたに,NAGATANI
中津,ナカツ,なかつ,NAKATSU
中塚,ナカツカ,なかつか,NAKATSUKA
中辻,ナカツジ,なかつじ,NAKATSUJI
長友,ナガトモ,ながとも,NAGATOMO
中西,ナカニシ,なかにし,NAKANISHI
長沼,ナガヌマ,ながぬま,NAGANUMA
中根,ナカネ,なかね,NAKANE
中野,ナカノ,なかの,NAKANO
仲野,ナカノ,なかの,NAKANO
永野,ナガノ,ながの,NAGANO
長野,ナガノ,ながの,NAGANO
中橋,ナカハシ,なかはし,NAKAHASHI
中畑,ナカハタ,なかはた,NAKAHATA
長浜,ナガハマ,ながはま,NAGAHAMA
中林,ナカバヤシ,なかばやし,NAKABAYASHI
中原,ナカハラ,なかはら,NAKAHARA
永原,ナガハラ,ながはら,NAGAHARA
中平,ナカヒラ,なかひら,NAKAHIRA
仲間,ナカマ,なかま,NAKAMA
永松,ナガマツ,ながまつ,NAGAMATSU
長嶺,ナガミネ,ながみね,NAGAMINE
中村,ナカムラ,なかむら,NAKAMURA
仲村,ナカムラ,なかむら,NAKAMURA
中本,ナカモト,なかもと,NAKAMOTO
仲本,ナカモト,なかもと,NAKAMOTO
中森,ナカモリ,なかもり,NAKAMORI
中屋,ナカヤ,なかや,NAKAYA
中谷,ナカヤ,なかや,NAKAYA
仲谷,ナカヤ,なかや,NAKAYA
長屋,ナガヤ,ながや,NAGAYA
中山,ナカヤマ,なかやま,NAKAYAMA
永山,ナガヤマ,ながやま,NAGAYAMA
長山,ナガヤマ,ながやま,NAGAYAMA
永吉,ナガヨシ,ながよし,NAGAYOSHI
南雲,ナグモ,なぐも,NAGUMO
名倉,ナクラ,なくら,NAKURA
那須,ナス,なす,NASU
夏目,ナツメ,なつめ,NATSUME
名取,ナトリ,なとり,NATORI
鍋島,ナベシマ,なべしま,NABESHIMA
並木,ナミキ,なみき,NAMIKI
奈良,ナラ,なら,NARA
成沢,ナリサワ,なりさわ,NARISAWA
成田,ナリタ,なりた,NARITA
成瀬,ナルセ,なるせ,NARUSE
鳴海,ナルミ,なるみ,NARUMI
難波,ナンバ,なんば,NANBA
南部,ナンブ,なんぶ,NANBU
新倉,ニイクラ,にいくら,NIIKURA
新里,ニイサト,にいさと,NIISATO
新妻,ニイヅマ,にいづま,NIIDUMA
新野,ニイノ,にいの,NIINO
新美,ニイミ,にいみ,NIIMI
新村,ニイムラ,にいむら,NIIMURA
二階堂,ニカイドウ,にかいどう,NIKAIDOU
仁木,ニキ,にき,NIKI
二木,ニキ,にき,NIKI
西,ニシ,にし,NISHI
西井,ニシイ,にしい,NISHII
西内,ニシウチ,にしうち,NISHIUCHI
西浦,ニシウラ,にしうら,NISHIURA
西尾,ニシオ,にしお,NISHIO
西岡,ニシオカ,にしおか,NISHIOKA
錦織,ニシオリ,にしおり,NISHIORI
西垣,ニシガキ,にしがき,NISHIGAKI
西川,ニシカワ,にしかわ,NISHIKAWA
西口,ニシグチ,にしぐち,NISHIGUCHI
西崎,ニシザキ,にしざき,NISHIZAKI
西沢,ニシザワ,にしざわ,NISHIZAWA
西澤,ニシザワ,にしざわ,NISHIZAWA
西島,ニシジマ,にしじま,NISHIJIMA
西嶋,ニシジマ,にしじま,NISHIJIMA
西田,ニシダ,にしだ,NISHIDA
西谷,ニシタニ,にしたに,NISHITANI
西出,ニシデ,にしで,NISHIDE
仁科,ニシナ,にしな,NISHINA
西野,ニシノ,にしの,NISHINO
西原,ニシハラ,にしはら,NISHIHARA
西村,ニシムラ,にしむら,NISHIMURA
西本,ニシモト,にしもと,NISHIMOTO
西森,ニシモリ,にしもり,NISHIMORI
西山,ニシヤマ,にしやま,NISHIYAMA
西脇,ニシワキ,にしわき,NISHIWAKI
二村,ニソン,にそん,NISON
二宮,ニノミヤ,にのみや,NINOMIYA
仁平,ニヒラ,にひら,NIHIRA
丹羽,ニワ,にわ,NIWA
沼田,ヌマタ,ぬまた,NUMATA
根岸,ネギシ,ねぎし,NEGISHI
根津,ネズ,ねず,NEZU
野上,ノガミ,のがみ,NOGAMI
野口,ノグチ,のぐち,NOGUCHI
野坂,ノサカ,のさか,NOSAKA
野崎,ノザキ,のざき,NOZAKI
野沢,ノザワ,のざわ,NOZAWA
野澤,ノザワ,のざわ,NOZAWA
野地,ノジ,のじ,NOJI
野島,ノジマ,のじま,NOJIMA
野尻,ノジリ,のじり,NOJIRI
能勢,ノセ,のせ,NOSE
野瀬,ノセ,のせ,NOSE
野田,ノダ,のだ,NODA
能登,ノト,のと,NOTO
野中,ノナカ,のなか,NONAKA
野々村,ノノムラ,ののむら,NONOMURA
野原,ノハラ,のはら,NOHARA
野間,ノマ,のま,NOMA
野村,ノムラ,のむら,NOMURA
野本,ノモト,のもと,NOMOTO
野呂,ノロ,のろ,NORO
羽賀,ハガ,はが,HAGA
芳賀,ハガ,はが,HAGA
袴田,ハカマダ,はかまだ,HAKAMADA
萩野,ハギノ,はぎの,HAGINO
萩原,ハギワラ,はぎわら,HAGIWARA
白鳥,ハクチョウ,はくちょう,HAKUCHOU
迫,ハサマ,はさま,HASAMA
橋口,ハシグチ,はしぐち,HASHIGUCHI
橋田,ハシダ,はしだ,HASHIDA
橋詰,ハシヅメ,はしづめ,HASHIDUME
橋爪,ハシヅメ,はしづめ,HASHIDUME
橋場,ハシバ,はしば,HASHIBA
橋本,ハシモト,はしもと,HASHIMOTO
蓮見,ハスミ,はすみ,HASUMI
長谷,ハセ,はせ,HASE
長谷川,ハセガワ,はせがわ,HASEGAWA
長谷部,ハセベ,はせべ,HASEBE
畑,ハタケ,はたけ,HATAKE
畑山,ハタケヤマ,はたけやま,HATAKEYAMA
畠山,ハタケヤマ,はたけやま,HATAKEYAMA
畑中,ハタナカ,はたなか,HATANAKA
畠中,ハタナカ,はたなか,HATANAKA
羽田野,ハタノ,はたの,HATANO
波多野,ハタノ,はたの,HATANO
八代,ハチダイ,はちだい,HACHIDAI
蜂谷,ハチタニ,はちたに,HACHITANI
八幡,ハチマン,はちまん,HACHIMAN
八巻,ハッカン,はっかん,HAKKAN
八田,ハッタ,はった,HATTA
服部,ハットリ,はっとり,HATTORI
羽鳥,ハトリ,はとり,HATORI
花井,ハナイ,はない,HANAI
花岡,ハナオカ,はなおか,HANAOKA
花田,ハナダ,はなだ,HANADA
花房,ハナブサ,はなぶさ,HANABUSA
塙,ハナワ,はなわ,HANAWA
羽生,ハニュウ,はにゅう,HANYUU
羽田,ハネダ,はねだ,HANEDA
馬場,ババ,ばば,BABA
浜,ハマ,はま,HAMA
浜口,ハマグチ,はまぐち,HAMAGUCHI
浜崎,ハマザキ,はまざき,HAMAZAKI
浜島,ハマシマ,はましま,HAMASHIMA
浜田,ハマダ,はまだ,HAMADA
濱田,ハマダ,はまだ,HAMADA
浜中,ハマナカ,はまなか,HAMANAKA
浜野,ハマノ,はまの,HAMANO
浜村,ハマムラ,はまむら,HAMAMURA
浜本,ハマモト,はまもと,HAMAMOTO
早川,ハヤカワ,はやかわ,HAYAKAWA
早坂,ハヤサカ,はやさか,HAYASAKA
林,ハヤシ,はやし,HAYASHI
林田,ハヤシダ,はやしだ,HAYASHIDA
早瀬,ハヤセ,はやせ,HAYASE
早野,ハヤノ,はやの,HAYANO
速水,ハヤミ,はやみ,HAYAMI
原,ハラ,はら,HARA
原口,ハラグチ,はらぐち,HARAGUCHI
原島,ハラシマ,はらしま,HARASHIMA
原田,ハラダ,はらだ,HARADA
春木,ハルキ,はるき,HARUKI
春田,ハルタ,はるた,HARUTA
春名,ハルナ,はるな,HARUNA
春山,ハルヤマ,はるやま,HARUYAMA
半沢,ハンザワ,はんざわ,HANZAWA
半田,ハンダ,はんだ,HANDA
坂東,バンドウ,ばんどう,BANDOU
板東,バンドウ,ばんどう,BANDOU
日置,ヒオキ,ひおき,HIOKI
比嘉,ヒガ,ひが,HIGA
東,ヒガシ,ひがし,HIGASHI
東田,ヒガシダ,ひがしだ,HIGASHIDA
東谷,ヒガシダニ,ひがしだに,HIGASHIDANI
東山,ヒガシヤマ,ひがしやま,HIGASHIYAMA
疋田,ヒキタ,ひきた,HIKITA
引地,ヒキチ,ひきち,HIKICHI
樋口,ヒグチ,ひぐち,HIGUCHI
肥後,ヒゴ,ひご,HIGO
彦坂,ヒコサカ,ひこさか,HIKOSAKA
久田,ヒサダ,ひさだ,HISADA
久松,ヒサマツ,ひさまつ,HISAMATSU
菱田,ヒシダ,ひしだ,HISHIDA
菱沼,ヒシヌマ,ひしぬま,HISHINUMA
肥田,ヒタ,ひた,HITA
日高,ヒダカ,ひだか,HIDAKA
日向,ヒナタ,ひなた,HINATA
日野,ヒノ,ひの,HINO
日比,ヒビ,ひび,HIBI
日比野,ヒビノ,ひびの,HIBINO
姫野,ヒメノ,ひめの,HIMENO
檜山,ヒヤマ,ひやま,HIYAMA
兵藤,ヒョウドウ,ひょうどう,HYOUDOU
兵頭,ヒョウドウ,ひょうどう,HYOUDOU
日吉,ヒヨシ,ひよし,HIYOSHI
平,ヒラ,ひら,HIRA
平井,ヒライ,ひらい,HIRAI
平石,ヒライシ,ひらいし,HIRAISHI
平出,ヒライデ,ひらいで,HIRAIDE
平岩,ヒライワ,ひらいわ,HIRAIWA
平尾,ヒラオ,ひらお,HIRAO
平岡,ヒラオカ,ひらおか,HIRAOKA
平賀,ヒラガ,ひらが,HIRAGA
平川,ヒラカワ,ひらかわ,HIRAKAWA
平木,ヒラキ,ひらき,HIRAKI
平沢,ヒラサワ,ひらさわ,HIRASAWA
平澤,ヒラサワ,ひらさわ,HIRASAWA
平島,ヒラシマ,ひらしま,HIRASHIMA
平田,ヒラタ,ひらた,HIRATA
平塚,ヒラツカ,ひらつか,HIRATSUKA
平沼,ヒラヌマ,ひらぬま,HIRANUMA
平林,ヒラバヤシ,ひらばやし,HIRABAYASHI
平間,ヒラマ,ひらま,HIRAMA
平松,ヒラマツ,ひらまつ,HIRAMATSU
平本,ヒラモト,ひらもと,HIRAMOTO
平山,ヒラヤマ,ひらやま,HIRAYAMA
蛭田,ヒルタ,ひるた,HIRUTA
比留間,ヒルマ,ひるま,HIRUMA
広井,ヒロイ,ひろい,HIROI
広岡,ヒロオカ,ひろおか,HIROOKA
広川,ヒロカワ,ひろかわ,HIROKAWA
広沢,ヒロサワ,ひろさわ,HIROSAWA
広瀬,ヒロセ,ひろせ,HIROSE
廣瀬,ヒロセ,ひろせ,HIROSE
広田,ヒロタ,ひろた,HIROTA
廣田,ヒロタ,ひろた,HIROTA
樋渡,ヒワタリ,ひわたり,HIWATARI
深川,フカガワ,ふかがわ,FUKAGAWA
深沢,フカザワ,ふかざわ,FUKAZAWA
深澤,フカザワ,ふかざわ,FUKAZAWA
深瀬,フカセ,ふかせ,FUKASE
深田,フカダ,ふかだ,FUKADA
深津,フカツ,ふかつ,FUKATSU
深野,フカノ,ふかの,FUKANO
深町,フカマチ,ふかまち,FUKAMACHI
深見,フカミ,ふかみ,FUKAMI
深谷,フカヤ,ふかや,FUKAYA
布川,フカワ,ふかわ,FUKAWA
福井,フクイ,ふくい,FUKUI
福岡,フクオカ,ふくおか,FUKUOKA
福崎,フクサキ,ふくさき,FUKUSAKI
福沢,フクザワ,ふくざわ,FUKUZAWA
福士,フクシ,ふくし,FUKUSHI
福島,フクシマ,ふくしま,FUKUSHIMA
福嶋,フクシマ,ふくしま,FUKUSHIMA
福田,フクダ,ふくだ,FUKUDA
福地,フクチ,ふくち,FUKUCHI
福留,フクドメ,ふくどめ,FUKUDOME
福永,フクナガ,ふくなが,FUKUNAGA
福原,フクハラ,ふくはら,FUKUHARA
福村,フクムラ,ふくむら,FUKUMURA
福元,フクモト,ふくもと,FUKUMOTO
福本,フクモト,ふくもと,FUKUMOTO
福山,フクヤマ,ふくやま,FUKUYAMA
藤,フジ,ふじ,FUJI
藤井,フジイ,ふじい,FUJII
藤江,フジエ,ふじえ,FUJIE
藤枝,フジエダ,ふじえだ,FUJIEDA
藤尾,フジオ,ふじお,FUJIO
藤岡,フジオカ,ふじおか,FUJIOKA
藤川,フジカワ,ふじかわ,FUJIKAWA
藤木,フジキ,ふじき,FUJIKI
藤倉,フジクラ,ふじくら,FUJIKURA
藤崎,フジサキ,ふじさき,FUJISAKI
藤沢,フジサワ,ふじさわ,FUJISAWA
藤澤,フジサワ,ふじさわ,FUJISAWA
藤島,フジシマ,ふじしま,FUJISHIMA
藤城,フジシロ,ふじしろ,FUJISHIRO
藤代,フジシロ,ふじしろ,FUJISHIRO
藤田,フジタ,ふじた,FUJITA
藤谷,フジタニ,ふじたに,FUJITANI
藤永,フジナガ,ふじなが,FUJINAGA
藤野,フジノ,ふじの,FUJINO
藤平,フジヒラ,ふじひら,FUJIHIRA
藤間,フジマ,ふじま,FUJIMA
藤巻,フジマキ,ふじまき,FUJIMAKI
伏見,フシミ,ふしみ,FUSHIMI
藤村,フジムラ,ふじむら,FUJIMURA
藤森,フジモリ,ふじもり,FUJIMORI
藤山,フジヤマ,ふじやま,FUJIYAMA
藤原,フジワラ,ふじわら,FUJIWARA
布施,フセ,ふせ,FUSE
二瓶,フタビン,ふたびん,FUTABIN
二見,フタミ,ふたみ,FUTAMI
渕上,フチガミ,ふちがみ,FUCHIGAMI
船木,フナキ,ふなき,FUNAKI
船越,フナコシ,ふなこし,FUNAKOSHI
船田,フナダ,ふなだ,FUNADA
船津,フナツ,ふなつ,FUNATSU
舟橋,フナハシ,ふなはし,FUNAHASHI
船橋,フナバシ,ふなばし,FUNABASHI
船山,フナヤマ,ふなやま,FUNAYAMA
古市,フルイチ,ふるいち,FURUICHI
古川,フルカワ,ふるかわ,FURUKAWA
古沢,フルサワ,ふるさわ,FURUSAWA
古澤,フルサワ,ふるさわ,FURUSAWA
古田,フルタ,ふるた,FURUTA
古野,フルノ,ふるの,FURUNO
古橋,フルハシ,ふるはし,FURUHASHI
古本,フルホン,ふるほん,FURUHON
古屋,フルヤ,ふるや,FURUYA
古家,フルヤ,ふるや,FURUYA
古谷,フルヤ,ふるや,FURUYA
古山,フルヤマ,ふるやま,FURUYAMA
平原,ヘイゲン,へいげん,HEIGEN
平野,ヘイヤ,へいや,HEIYA
別所,ベッショ,べっしょ,BESSHIXYO
別府,ベップ,べっぷ,BEPPU
逸見,ヘミ,へみ,HEMI
北条,ホウジョウ,ほうじょう,HOUJIXYOU
北條,ホウジョウ,ほうじょう,HOUJIXYOU
牧野,ボクヤ,ぼくや,BOKUYA
保坂,ホサカ,ほさか,HOSAKA
星,ホシ,ほし,HOSHI
星川,ホシカワ,ほしかわ,HOSHIKAWA
保科,ホシナ,ほしな,HOSHINA
星野,ホシノ,ほしの,HOSHINO
細井,ホソイ,ほそい,HOSOI
細川,ホソカワ,ほそかわ,HOSOKAWA
細田,ホソダ,ほそだ,HOSODA
細野,ホソノ,ほその,HOSONO
細谷,ホソヤ,ほそや,HOSOYA
堀田,ホッタ,ほった,HOTTA
穂積,ホヅミ,ほづみ,HODUMI
堀,ホリ,ほり,HORI
堀井,ホリイ,ほりい,HORII
堀内,ホリウチ,ほりうち,HORIUCHI
堀江,ホリエ,ほりえ,HORIE
堀尾,ホリオ,ほりお,HORIO
堀川,ホリカワ,ほりかわ,HORIKAWA
堀口,ホリグチ,ほりぐち,HORIGUCHI
堀越,ホリコシ,ほりこし,HORIKOSHI
堀之内,ホリノウチ,ほりのうち,HORINOUCHI
堀部,ホリベ,ほりべ,HORIBE
堀本,ホリモト,ほりもと,HORIMOTO
本郷,ホンゴウ,ほんごう,HONGOU
本山,ホンザン,ほんざん,HONZAN
本庄,ホンジョウ,ほんじょう,HONJOU
本多,ホンダ,ほんだ,HONDA
本田,ホンダ,ほんだ,HONDA
本間,ホンマ,ほんま,HONMA
前,マエ,まえ,MAE
前川,マエカワ,まえかわ,MAEKAWA
前沢,マエザワ,まえざわ,MAEZAWA
前島,マエジマ,まえじま,MAEJIMA
前田,マエダ,まえだ,MAEDA
前野,マエノ,まえの,MAENO
前原,マエハラ,まえはら,MAEHARA
真壁,マカベ,まかべ,MAKABE
真木,マキ,まき,MAKI
牧,マキ,まき,MAKI
牧田,マキタ,まきた,MAKITA
正木,マサキ,まさき,MASAKI
増子,マシコ,ましこ,MASHIKO
真下,マシタ,ました,MASHITA
真島,マジマ,まじま,MAJIMA
増井,マスイ,ますい,MASUI
益子,マスコ,ますこ,MASUKO
益田,マスダ,ますだ,MASUDA
増田,マスダ,ますだ,MASUDA
桝田,マスダ,ますだ,MASUDA
増本,マスモト,ますもと,MASUMOTO
増山,マスヤマ,ますやま,MASUYAMA
間瀬,マセ,ませ,MASE
又吉,マタヨシ,またよし,MATAYOSHI
町田,マチダ,まちだ,MACHIDA
松井,マツイ,まつい,MATSUI
松浦,マツウラ,まつうら,MATSUURA
松尾,マツオ,まつお,MATSUO
松岡,マツオカ,まつおか,MATSUOKA
松川,マツカワ,まつかわ,MATSUKAWA
松木,マツキ,まつき,MATSUKI
松倉,マツクラ,まつくら,MATSUKURA
松坂,マツザカ,まつざか,MATSUZAKA
松崎,マツザキ,まつざき,MATSUZAKI
松沢,マツザワ,まつざわ,MATSUZAWA
松澤,マツザワ,まつざわ,MATSUZAWA
松下,マツシタ,まつした,MATSUSHITA
松島,マツシマ,まつしま,MATSUSHIMA
松田,マツダ,まつだ,MATSUDA
松平,マツダイラ,まつだいら,MATSUDAIRA
松永,マツナガ,まつなが,MATSUNAGA
松野,マツノ,まつの,MATSUNO
松葉,マツバ,まつば,MATSUBA
松橋,マツハシ,まつはし,MATSUHASHI
松林,マツバヤシ,まつばやし,MATSUBAYASHI
松原,マツバラ,まつばら,MATSUBARA
松藤,マツフジ,まつふじ,MATSUFUJI
松丸,マツマル,まつまる,MATSUMARU
松宮,マツミヤ,まつみや,MATSUMIYA
松村,マツムラ,まつむら,MATSUMURA
松元,マツモト,まつもと,MATSUMOTO
松本,マツモト,まつもと,MATSUMOTO
松谷,マツヤ,まつや,MATSUYA
松山,マツヤマ,まつやま,MATSUYAMA
的場,マトバ,まとば,MATOBA
真鍋,マナベ,まなべ,MANABE
真野,マノ,まの,MANO
馬渕,マブチ,まぶち,MABUCHI
間宮,マミヤ,まみや,MAMIYA
丸尾,マルオ,まるお,MARUO
丸岡,マルオカ,まるおか,MARUOKA
丸田,マルタ,まるた,MARUTA
丸谷,マルヤ,まるや,MARUYA
丸山,マルヤマ,まるやま,MARUYAMA
見,ミ,み,MI
三浦,ミウラ,みうら,MIURA
三枝,ミエダ,みえだ,MIEDA
三上,ミカミ,みかみ,MIKAMI
三木,ミキ,みき,MIKI
三沢,ミサワ,みさわ,MISAWA
三澤,ミサワ,みさわ,MISAWA
三嶋,ミシマ,みしま,MISHIMA
水落,ミズオチ,みずおち,MIZUOCHI
水口,ミズグチ,みずぐち,MIZUGUCHI
水越,ミズコシ,みずこし,MIZUKOSHI
水島,ミズシマ,みずしま,MIZUSHIMA
水谷,ミズタニ,みずたに,MIZUTANI
水野,ミズノ,みずの,MIZUNO
水村,ミズムラ,みずむら,MIZUMURA
水本,ミズモト,みずもと,MIZUMOTO
溝上,ミゾカミ,みぞかみ,MIZOKAMI
溝口,ミゾグチ,みぞぐち,MIZOGUCHI
三田,ミタ,みた,MITA
三谷,ミタニ,みたに,MITANI
三田村,ミタムラ,みたむら,MITAMURA
三井,ミツイ,みつい,MITSUI
三橋,ミツハシ,みつはし,MITSUHASHI
三森,ミツモリ,みつもり,MITSUMORI
水戸,ミト,みと,MITO
緑川,ミドリガワ,みどりがわ,MIDORIGAWA
皆川,ミナガワ,みながわ,MINAGAWA
湊,ミナト,みなと,MINATO
南,ミナミ,みなみ,MINAMI
南野,ミナミノ,みなみの,MINAMINO
峰,ミネ,みね,MINE
峯,ミネ,みね,MINE
峰岸,ミネギシ,みねぎし,MINEGISHI
峯岸,ミネギシ,みねぎし,MINEGISHI
三野,ミノ,みの,MINO
箕輪,ミノワ,みのわ,MINOWA
三原,ミハラ,みはら,MIHARA
宮,ミヤ,みや,MIYA
宮井,ミヤイ,みやい,MIYAI
宮内,ミヤウチ,みやうち,MIYAUCHI
宮尾,ミヤオ,みやお,MIYAO
宮岡,ミヤオカ,みやおか,MIYAOKA
宮川,ミヤガワ,みやがわ,MIYAGAWA
宮木,ミヤキ,みやき,MIYAKI
宮城,ミヤギ,みやぎ,MIYAGI
宮口,ミヤグチ,みやぐち,MIYAGUCHI
三宅,ミヤケ,みやけ,MIYAKE
宮坂,ミヤサカ,みやさか,MIYASAKA
宮崎,ミヤザキ,みやざき,MIYAZAKI
宮里,ミヤザト,みやざと,MIYAZATO
宮沢,ミヤザワ,みやざわ,MIYAZAWA
宮澤,ミヤザワ,みやざわ,MIYAZAWA
宮地,ミヤジ,みやじ,MIYAJI
宮下,ミヤシタ,みやした,MIYASHITA
宮島,ミヤジマ,みやじま,MIYAJIMA
宮嶋,ミヤジマ,みやじま,MIYAJIMA
宮田,ミヤタ,みやた,MIYATA
宮武,ミヤタケ,みやたけ,MIYATAKE
宮永,ミヤナガ,みやなが,MIYANAGA
宮野,ミヤノ,みやの,MIYANO
宮原,ミヤハラ,みやはら,MIYAHARA
宮部,ミヤベ,みやべ,MIYABE
宮前,ミヤマエ,みやまえ,MIYAMAE
宮村,ミヤムラ,みやむら,MIYAMURA
宮本,ミヤモト,みやもと,MIYAMOTO
宮脇,ミヤワキ,みやわき,MIYAWAKI
三好,ミヨシ,みよし,MIYOSHI
向,ムカイ,むかい,MUKAI
向井,ムカイ,むかい,MUKAI
向田,ムコウダ,むこうだ,MUKOUDA
牟田,ムタ,むた,MUTA
武藤,ムトウ,むとう,MUTOU
村井,ムライ,むらい,MURAI
村尾,ムラオ,むらお,MURAO
村岡,ムラオカ,むらおか,MURAOKA
村上,ムラカミ,むらかみ,MURAKAMI
村川,ムラカワ,むらかわ,MURAKAWA
村木,ムラキ,むらき,MURAKI
村越,ムラコシ,むらこし,MURAKOSHI
村中,ムラジュウ,むらじゅう,MURAJUU
村瀬,ムラセ,むらせ,MURASE
村田,ムラタ,むらた,MURATA
村野,ムラノ,むらの,MURANO
村松,ムラマツ,むらまつ,MURAMATSU
村本,ムラモト,むらもと,MURAMOTO
村山,ムラヤマ,むらやま,MURAYAMA
室井,ムロイ,むろい,MUROI
室田,ムロタ,むろた,MUROTA
目黒,メグロ,めぐろ,MEGURO
毛利,モウリ,もうり,MOURI
茂木,モギ,もぎ,MOGI
木本,モクホン,もくほん,MOKUHON
持田,モチダ,もちだ,MOCHIDA
望月,モチヅキ,もちづき,MOCHIDUKI
元木,モトキ,もとき,MOTOKI
本木,モトキ,もとき,MOTOKI
本橋,モトハシ,もとはし,MOTOHASHI
本村,モトムラ,もとむら,MOTOMURA
百瀬,モモセ,ももせ,MOMOSE
森,モリ,もり,MORI
森井,モリイ,もりい,MORII
森岡,モリオカ,もりおか,MORIOKA
森川,モリカワ,もりかわ,MORIKAWA
森口,モリグチ,もりぐち,MORIGUCHI
森崎,モリサキ,もりさき,MORISAKI
森下,モリシタ,もりした,MORISHITA
森島,モリシマ,もりしま,MORISHIMA
守田,モリタ,もりた,MORITA
森田,モリタ,もりた,MORITA
森内,モリナイ,もりない,MORINAI
森永,モリナガ,もりなが,MORINAGA
森野,モリノ,もりの,MORINO
森元,モリモト,もりもと,MORIMOTO
森本,モリモト,もりもと,MORIMOTO
守屋,モリヤ,もりや,MORIYA
守谷,モリヤ,もりや,MORIYA
森谷,モリヤ,もりや,MORIYA
森山,モリヤマ,もりやま,MORIYAMA
森脇,モリワキ,もりわき,MORIWAKI
諸岡,モロオカ,もろおか,MOROOKA
諸橋,モロハシ,もろはし,MOROHASHI
諸星,モロボシ,もろぼし,MOROBOSHI
門間,モンマ,もんま,MONMA
門馬,モンマ,もんま,MONMA
八重樫,ヤエガシ,やえがし,YAEGASHI
舘,ヤカタ,やかた,YAKATA
八木,ヤギ,やぎ,YAGI
柳沼,ヤギヌマ,やぎぬま,YAGINUMA
柳生,ヤギュウ,やぎゅう,YAGYUU
矢口,ヤグチ,やぐち,YAGUCHI
矢崎,ヤザキ,やざき,YAZAKI
谷沢,ヤザワ,やざわ,YAZAWA
矢沢,ヤザワ,やざわ,YAZAWA
八島,ヤシマ,やしま,YASHIMA
矢島,ヤジマ,やじま,YAJIMA
安井,ヤスイ,やすい,YASUI
安江,ヤスエ,やすえ,YASUE
安岡,ヤスオカ,やすおか,YASUOKA
安川,ヤスカワ,やすかわ,YASUKAWA
安田,ヤスダ,やすだ,YASUDA
保田,ヤスダ,やすだ,YASUDA
安武,ヤスタケ,やすたけ,YASUTAKE
安永,ヤスナガ,やすなが,YASUNAGA
安野,ヤスノ,やすの,YASUNO
安原,ヤスハラ,やすはら,YASUHARA
安村,ヤスムラ,やすむら,YASUMURA
安本,ヤスモト,やすもと,YASUMOTO
矢田,ヤダ,やだ,YADA
谷津,ヤツ,やつ,YATSU
矢内,ヤナイ,やない,YANAI
柳井,ヤナイ,やない,YANAI
谷中,ヤナカ,やなか,YANAKA
柳川,ヤナガワ,やながわ,YANAGAWA
柳,ヤナギ,やなぎ,YANAGI
柳沢,ヤナギサワ,やなぎさわ,YANAGISAWA
柳澤,ヤナギサワ,やなぎさわ,YANAGISAWA
柳下,ヤナギシタ,やなぎした,YANAGISHITA
柳田,ヤナギダ,やなぎだ,YANAGIDA
柳原,ヤナギハラ,やなぎはら,YANAGIHARA
柳本,ヤナギモト,やなぎもと,YANAGIMOTO
柳谷,ヤナギヤ,やなぎや,YANAGIYA
柳瀬,ヤナセ,やなせ,YANASE
矢野,ヤノ,やの,YANO
矢作,ヤハギ,やはぎ,YAHAGI
矢吹,ヤブキ,やぶき,YABUKI
矢部,ヤベ,やべ,YABE
山内,ヤマウチ,やまうち,YAMAUCHI
山浦,ヤマウラ,やまうら,YAMAURA
山岡,ヤマオカ,やまおか,YAMAOKA
山形,ヤマガタ,やまがた,YAMAGATA
山川,ヤマカワ,やまかわ,YAMAKAWA
山木,ヤマキ,やまき,YAMAKI
山岸,ヤマギシ,やまぎし,YAMAGISHI
山際,ヤマギワ,やまぎわ,YAMAGIWA
山口,ヤマグチ,やまぐち,YAMAGUCHI
山越,ヤマゴエ,やまごえ,YAMAGOE
山崎,ヤマザキ,やまざき,YAMAZAKI
山路,ヤマジ,やまじ,YAMAJI
山下,ヤマシタ,やました,YAMASHITA
山城,ヤマシロ,やましろ,YAMASHIRO
山添,ヤマゾエ,やまぞえ,YAMAZOE
山田,ヤマダ,やまだ,YAMADA
大和,ヤマト,やまと,YAMATO
山名,ヤマナ,やまな,YAMANA
山西,ヤマニシ,やまにし,YAMANISHI
山根,ヤマネ,やまね,YAMANE
山之内,ヤマノウチ,やまのうち,YAMANOUCHI
山辺,ヤマベ,やまべ,YAMABE
山室,ヤマムロ,やまむろ,YAMAMURO
山元,ヤマモト,やまもと,YAMAMOTO
山本,ヤマモト,やまもと,YAMAMOTO
山森,ヤマモリ,やまもり,YAMAMORI
山脇,ヤマワキ,やまわき,YAMAWAKI
湯浅,ユアサ,ゆあさ,YUASA
結城,ユウキ,ゆうき,YUUKI
湯川,ユカワ,ゆかわ,YUKAWA
柚木,ユギ,ゆぎ,YUGI
遊佐,ユサ,ゆさ,YUSA
湯沢,ユザワ,ゆざわ,YUZAWA
湯田,ユダ,ゆだ,YUDA
湯本,ユモト,ゆもと,YUMOTO
横川,ヨガワ,よがわ,YOGAWA
横井,ヨコイ,よこい,YOKOI
横内,ヨコウチ,よこうち,YOKOUCHI
横尾,ヨコオ,よこお,YOKOO
横沢,ヨコザワ,よこざわ,YOKOZAWA
横田,ヨコタ,よこた,YOKOTA
横溝,ヨコミゾ,よこみぞ,YOKOMIZO
横山,ヨコヤマ,よこやま,YOKOYAMA
吉井,ヨシイ,よしい,YOSHII
吉岡,ヨシオカ,よしおか,YOSHIOKA
吉川,ヨシカワ,よしかわ,YOSHIKAWA
吉崎,ヨシザキ,よしざき,YOSHIZAKI
吉沢,ヨシザワ,よしざわ,YOSHIZAWA
吉澤,ヨシザワ,よしざわ,YOSHIZAWA
吉住,ヨシズミ,よしずみ,YOSHIZUMI
吉田,ヨシダ,よしだ,YOSHIDA
吉武,ヨシタケ,よしたけ,YOSHITAKE
吉富,ヨシトミ,よしとみ,YOSHITOMI
吉永,ヨシナガ,よしなが,YOSHINAGA
吉成,ヨシナリ,よしなり,YOSHINARI
吉野,ヨシノ,よしの,YOSHINO
吉松,ヨシマツ,よしまつ,YOSHIMATSU
吉見,ヨシミ,よしみ,YOSHIMI
吉村,ヨシムラ,よしむら,YOSHIMURA
吉元,ヨシモト,よしもと,YOSHIMOTO
吉本,ヨシモト,よしもと,YOSHIMOTO
吉山,ヨシヤマ,よしやま,YOSHIYAMA
吉原,ヨシワラ,よしわら,YOSHIWARA
依田,ヨダ,よだ,YODA
与那嶺,ヨナミネ,よなみね,YONAMINE
米川,ヨネカワ,よねかわ,YONEKAWA
米倉,ヨネクラ,よねくら,YONEKURA
米沢,ヨネザワ,よねざわ,YONEZAWA
米澤,ヨネザワ,よねざわ,YONEZAWA
米田,ヨネダ,よねだ,YONEDA
米村,ヨネムラ,よねむら,YONEMURA
米本,ヨネモト,よねもと,YONEMOTO
米谷,ヨネヤ,よねや,YONEYA
米山,ヨネヤマ,よねやま,YONEYAMA
李,リ,り,RI
立花,リッカ,りっか,RIXTSUKA
若井,ワカイ,わかい,WAKAI
若狭,ワカサ,わかさ,WAKASA
若杉,ワカスギ,わかすぎ,WAKASUGI
若月,ワカツキ,わかつき,WAKATSUKI
若林,ワカバヤシ,わかばやし,WAKABAYASHI
若松,ワカマツ,わかまつ,WAKAMATSU
若山,ワカヤマ,わかやま,WAKAYAMA
和気,ワキ,わき,WAKI
脇,ワキ,わき,WAKI
脇坂,ワキザカ,わきざか,WAKIZAKA
脇田,ワキタ,わきた,WAKITA
脇本,ワキモト,わきもと,WAKIMOTO
涌井,ワクイ,わくい,WAKUI
鷲尾,ワシオ,わしお,WASHIO
和田,ワダ,わだ,WADA
渡辺,ワタナベ,わたなべ,WATANABE
渡邊,ワタナベ,わたなべ,WATANABE
渡邉,ワタナベ,わたなべ,WATANABE
綿貫,ワタヌキ,わたぬき,WATANUKI
綿引,ワタビキ,わたびき,WATABIKI
渡部,ワタベ,わたべ,WATABE
