晃,アキラ,あきら,AKIRA
明美,アケミ,あけみ,AKEMI
あすか,アスカ,あすか,ASUKA
篤司,アツシ,あつし,ATSUSHI
治,オサム,おさむ,OSAMU
香織,カオリ,かおり,KAORI
和也,カズヤ,かずや,KAZUYA
加奈,カナ,かな,KANA
京助,キョウスケ,きょうすけ,KYOSUKE
くみ子,クミコ,くみこ,KUMIKO
健一,ケンイチ,けんいち,KENICHI
知実,サトミ,さとみ,SATOMI
さゆり,サユリ,さゆり,SAYURI
修平,シュウヘイ,しゅうへい,SHOHEI
淳,ジュン,じゅん,JUN
翔太,ショウタ,しょうた,SHOTA
聡太郎,ソウタロウ,そうたろう,SOTARO
太一,タイチ,たいち,TAICHI
拓真,タクマ,たくま,TAKUMA
太郎,タロウ,たろう,TARO
千代,チヨ,ちよ,CHIYO
翼,ツバサ,つばさ,TSUBASA
智也,トモヤ,ともや,TOMOYA
直樹,ナオキ,なおき,NAOKI
直子,ナオコ,なおこ,NAOKO
直人,ナオト,なおと,NAOTO
七夏,ナナミ,ななみ,NANAMI
花子,ハナコ,はなこ,HANAKO
春香,ハルカ,はるか,HARUKA
英樹,ヒデキ,ひでき,HIDEKI
浩,ヒロシ,ひろし,HIROSHI
真綾,マアヤ,まあや,MAAYA
舞,マイ,まい,MAI
学,マナブ,まなぶ,MANABU
美加子,ミカコ,みかこ,MIKAKO
幹,ミキ,みき,MIKI
充,ミツル,みつる,MITURU
稔,ミノル,みのる,MINORU
桃子,モモコ,ももこ,MOMOKO
康弘,ヤスヒロ,やすひろ,YASUHIRO
結衣,ユイ,ゆい,YUI
裕樹,ユウキ,ゆうき,YUKI
裕太,ユウタ,ゆうた,YUTA
裕美子,ユミコ,ゆみこ,YUMIKO
陽一,ヨウイチ,よういち,YOICHI
陽子,ヨウコ,ようこ,YOKO
洋介,ヨウスケ,ようすけ,YOSUKE
里佳,リカ,りか,RIKA
亮介,リョウスケ,りょうすけ,RYOSUKE
涼平,リョウヘイ,りょうへい,RYOHEI
零,レイ,れい,REI
